campaign_id,date,conversions,revenue_usd,avg_order_value
CAMP_001,2023-04-02,2,164.17,82.08
CAMP_001,2023-04-03,4,948.44,237.11
CAMP_001,2023-04-04,5,572.25,114.45
CAMP_001,2023-04-05,3,421.75,140.58
CAMP_001,2023-04-06,6,325.35,54.23
CAMP_001,2023-04-07,5,250.48,50.1
CAMP_001,2023-04-08,5,1238.8,247.76
CAMP_001,2023-04-09,3,320.91,106.97
CAMP_001,2023-04-10,7,820.24,117.18
CAMP_001,2023-04-11,3,167.82,55.94
CAMP_001,2023-04-12,6,361.76,60.29
CAMP_001,2023-04-13,7,1413.67,201.95
CAMP_001,2023-04-14,6,648.29,108.05
CAMP_001,2023-04-15,3,325.62,108.54
CAMP_001,2023-04-16,6,427.16,71.19
CAMP_001,2023-04-17,3,158.01,52.67
CAMP_001,2023-04-18,5,1149.33,229.87
CAMP_001,2023-04-19,6,579.3,96.55
CAMP_001,2023-04-20,5,667.97,133.59
CAMP_001,2023-04-21,6,667.38,111.23
CAMP_001,2023-04-22,2,497.79,248.9
CAMP_001,2023-04-23,5,889.29,177.86
CAMP_001,2023-04-24,11,744.49,67.68
CAMP_001,2023-04-25,5,448.53,89.71
CAMP_001,2023-04-26,5,602.14,120.43
CAMP_001,2023-04-27,1,90.92,90.92
CAMP_001,2023-04-28,6,968.55,161.42
CAMP_001,2023-04-29,3,374.92,124.97
CAMP_002,2023-07-16,0,0.0,0.0
CAMP_002,2023-07-17,2,367.04,183.52
CAMP_002,2023-07-18,4,389.51,97.38
CAMP_002,2023-07-19,0,0.0,0.0
CAMP_002,2023-07-20,1,206.39,206.39
CAMP_002,2023-07-21,0,0.0,0.0
CAMP_002,2023-07-22,0,0.0,0.0
CAMP_002,2023-07-23,0,0.0,0.0
CAMP_002,2023-07-24,1,123.57,123.57
CAMP_002,2023-07-25,0,0.0,0.0
CAMP_002,2023-07-26,4,214.24,53.56
CAMP_002,2023-07-27,4,569.98,142.5
CAMP_002,2023-07-28,2,397.18,198.59
CAMP_002,2023-07-29,0,0.0,0.0
CAMP_002,2023-07-30,1,234.27,234.27
CAMP_002,2023-07-31,0,0.0,0.0
CAMP_002,2023-08-01,1,80.05,80.05
CAMP_002,2023-08-02,1,131.7,131.7
CAMP_002,2023-08-03,2,321.62,160.81
CAMP_002,2023-08-04,2,392.07,196.03
CAMP_002,2023-08-05,5,378.44,75.69
CAMP_002,2023-08-06,3,529.01,176.34
CAMP_002,2023-08-07,3,538.46,179.49
CAMP_002,2023-08-08,1,242.33,242.33
CAMP_002,2023-08-09,1,221.98,221.98
CAMP_002,2023-08-10,1,97.38,97.38
CAMP_002,2023-08-11,1,93.13,93.13
CAMP_002,2023-08-12,1,148.61,148.61
CAMP_002,2023-08-13,2,405.05,202.53
CAMP_002,2023-08-14,3,537.95,179.32
CAMP_002,2023-08-15,0,0.0,0.0
CAMP_002,2023-08-16,3,748.86,249.62
CAMP_002,2023-08-17,1,96.38,96.38
CAMP_002,2023-08-18,1,144.54,144.54
CAMP_002,2023-08-19,2,389.92,194.96
CAMP_002,2023-08-20,3,554.24,184.75
CAMP_002,2023-08-21,1,82.53,82.53
CAMP_002,2023-08-22,0,0.0,0.0
CAMP_002,2023-08-23,5,281.24,56.25
CAMP_002,2023-08-24,1,226.59,226.59
CAMP_002,2023-08-25,2,174.56,87.28
CAMP_002,2023-08-26,0,0.0,0.0
CAMP_002,2023-08-27,1,126.83,126.83
CAMP_002,2023-08-28,1,175.98,175.98
CAMP_002,2023-08-29,2,218.97,109.48
CAMP_002,2023-08-30,0,0.0,0.0
CAMP_002,2023-08-31,0,0.0,0.0
CAMP_003,2023-09-08,4,620.96,155.24
CAMP_003,2023-09-09,2,199.5,99.75
CAMP_003,2023-09-10,4,951.36,237.84
CAMP_003,2023-09-11,5,1159.88,231.98
CAMP_003,2023-09-12,1,107.25,107.25
CAMP_003,2023-09-13,1,154.48,154.48
CAMP_003,2023-09-14,0,0.0,0.0
CAMP_003,2023-09-15,0,0.0,0.0
CAMP_003,2023-09-16,1,240.11,240.11
CAMP_003,2023-09-17,5,924.89,184.98
CAMP_003,2023-09-18,2,377.34,188.67
CAMP_003,2023-09-19,0,0.0,0.0
CAMP_003,2023-09-20,2,383.89,191.94
CAMP_003,2023-09-21,0,0.0,0.0
CAMP_003,2023-09-22,0,0.0,0.0
CAMP_003,2023-09-23,1,94.32,94.32
CAMP_003,2023-09-24,2,484.52,242.26
CAMP_003,2023-09-25,2,256.3,128.15
CAMP_003,2023-09-26,2,438.44,219.22
CAMP_003,2023-09-27,0,0.0,0.0
CAMP_003,2023-09-28,1,70.31,70.31
CAMP_003,2023-09-29,0,0.0,0.0
CAMP_003,2023-09-30,3,631.36,210.45
CAMP_003,2023-10-01,2,322.08,161.04
CAMP_003,2023-10-02,0,0.0,0.0
CAMP_003,2023-10-03,3,122.12,40.71
CAMP_004,2023-07-11,3,271.01,90.34
CAMP_004,2023-07-12,1,175.09,175.09
CAMP_004,2023-07-13,6,784.98,130.83
CAMP_004,2023-07-14,15,1959.67,130.64
CAMP_004,2023-07-15,1,134.66,134.66
CAMP_004,2023-07-16,8,1391.02,173.88
CAMP_004,2023-07-17,8,1533.63,191.7
CAMP_004,2023-07-18,11,2528.72,229.88
CAMP_004,2023-07-19,4,888.69,222.17
CAMP_004,2023-07-20,1,94.27,94.27
CAMP_004,2023-07-21,3,203.37,67.79
CAMP_004,2023-07-22,2,219.65,109.83
CAMP_004,2023-07-23,14,2022.0,144.43
CAMP_004,2023-07-24,5,398.19,79.64
CAMP_004,2023-07-25,8,841.07,105.13
CAMP_004,2023-07-26,11,767.07,69.73
CAMP_004,2023-07-27,2,379.97,189.99
CAMP_004,2023-07-28,14,904.87,64.63
CAMP_004,2023-07-29,5,533.89,106.78
CAMP_004,2023-07-30,7,780.6,111.51
CAMP_004,2023-07-31,5,1077.55,215.51
CAMP_004,2023-08-01,4,414.4,103.6
CAMP_004,2023-08-02,2,87.77,43.88
CAMP_004,2023-08-03,1,205.1,205.1
CAMP_004,2023-08-04,15,1932.64,128.84
CAMP_004,2023-08-05,6,369.62,61.6
CAMP_004,2023-08-06,7,771.45,110.21
CAMP_004,2023-08-07,9,951.05,105.67
CAMP_004,2023-08-08,0,0.0,0.0
CAMP_004,2023-08-09,15,3537.54,235.84
CAMP_004,2023-08-10,6,566.77,94.46
CAMP_004,2023-08-11,3,252.69,84.23
CAMP_004,2023-08-12,3,285.59,95.2
CAMP_004,2023-08-13,0,0.0,0.0
CAMP_004,2023-08-14,8,886.02,110.75
CAMP_004,2023-08-15,4,988.63,247.16
CAMP_004,2023-08-16,6,1289.24,214.87
CAMP_004,2023-08-17,10,1719.39,171.94
CAMP_005,2023-04-02,1,176.42,176.42
CAMP_005,2023-04-03,9,1994.12,221.57
CAMP_005,2023-04-04,16,2362.62,147.66
CAMP_005,2023-04-05,7,703.62,100.52
CAMP_005,2023-04-06,8,684.52,85.56
CAMP_005,2023-04-07,2,233.96,116.98
CAMP_005,2023-04-08,8,829.73,103.72
CAMP_005,2023-04-09,4,498.84,124.71
CAMP_005,2023-04-10,0,0.0,0.0
CAMP_005,2023-04-11,9,976.88,108.54
CAMP_005,2023-04-12,13,1779.16,136.86
CAMP_005,2023-04-13,8,1858.16,232.27
CAMP_005,2023-04-14,1,186.21,186.21
CAMP_005,2023-04-15,4,292.78,73.19
CAMP_005,2023-04-16,7,704.96,100.71
CAMP_005,2023-04-17,4,256.24,64.06
CAMP_005,2023-04-18,1,109.86,109.86
CAMP_005,2023-04-19,1,117.45,117.45
CAMP_005,2023-04-20,4,889.89,222.47
CAMP_005,2023-04-21,2,300.32,150.16
CAMP_005,2023-04-22,14,2150.8,153.63
CAMP_005,2023-04-23,3,178.62,59.54
CAMP_005,2023-04-24,10,1595.01,159.5
CAMP_005,2023-04-25,3,577.52,192.51
CAMP_005,2023-04-26,4,623.74,155.94
CAMP_005,2023-04-27,17,2106.87,123.93
CAMP_005,2023-04-28,12,2851.51,237.63
CAMP_005,2023-04-29,6,1127.27,187.88
CAMP_005,2023-04-30,1,163.94,163.94
CAMP_005,2023-05-01,11,830.8,75.53
CAMP_005,2023-05-02,10,975.52,97.55
CAMP_005,2023-05-03,6,478.99,79.83
CAMP_005,2023-05-04,0,0.0,0.0
CAMP_005,2023-05-05,4,630.46,157.62
CAMP_005,2023-05-06,5,734.52,146.9
CAMP_005,2023-05-07,6,1219.23,203.21
CAMP_005,2023-05-08,13,1371.05,105.47
CAMP_005,2023-05-09,7,1295.43,185.06
CAMP_005,2023-05-10,9,1201.64,133.52
CAMP_005,2023-05-11,9,1463.73,162.64
CAMP_005,2023-05-12,12,2457.16,204.76
CAMP_005,2023-05-13,6,1132.53,188.75
CAMP_005,2023-05-14,3,587.85,195.95
CAMP_005,2023-05-15,17,4174.31,245.55
CAMP_005,2023-05-16,5,779.94,155.99
CAMP_005,2023-05-17,2,256.47,128.24
CAMP_005,2023-05-18,1,107.7,107.7
CAMP_005,2023-05-19,10,1526.25,152.62
CAMP_005,2023-05-20,11,2546.78,231.53
CAMP_005,2023-05-21,3,710.21,236.74
CAMP_006,2023-08-29,1,77.34,77.34
CAMP_006,2023-08-30,3,297.68,99.23
CAMP_006,2023-08-31,1,97.63,97.63
CAMP_006,2023-09-01,8,1503.64,187.96
CAMP_006,2023-09-02,2,133.92,66.96
CAMP_006,2023-09-03,2,254.04,127.02
CAMP_006,2023-09-04,3,135.77,45.26
CAMP_006,2023-09-05,1,197.48,197.48
CAMP_006,2023-09-06,9,1781.9,197.99
CAMP_006,2023-09-07,3,342.56,114.19
CAMP_006,2023-09-08,7,1492.74,213.25
CAMP_006,2023-09-09,21,4574.89,217.85
CAMP_006,2023-09-10,1,159.59,159.59
CAMP_006,2023-09-11,15,1753.11,116.87
CAMP_006,2023-09-12,8,765.8,95.72
CAMP_006,2023-09-13,8,1210.34,151.29
CAMP_006,2023-09-14,5,1048.64,209.73
CAMP_006,2023-09-15,12,1207.9,100.66
CAMP_006,2023-09-16,6,969.07,161.51
CAMP_006,2023-09-17,7,1306.22,186.6
CAMP_006,2023-09-18,9,747.22,83.02
CAMP_006,2023-09-19,5,1110.83,222.17
CAMP_006,2023-09-20,4,913.91,228.48
CAMP_006,2023-09-21,3,378.03,126.01
CAMP_006,2023-09-22,14,1583.42,113.1
CAMP_006,2023-09-23,6,703.24,117.21
CAMP_006,2023-09-24,6,1424.13,237.36
CAMP_006,2023-09-25,10,2331.47,233.15
CAMP_006,2023-09-26,17,1419.81,83.52
CAMP_006,2023-09-27,2,471.89,235.94
CAMP_006,2023-09-28,7,1681.02,240.15
CAMP_006,2023-09-29,5,887.65,177.53
CAMP_006,2023-09-30,2,382.89,191.44
CAMP_006,2023-10-01,11,1147.31,104.3
CAMP_007,2023-01-04,21,5047.26,240.35
CAMP_007,2023-01-05,4,525.11,131.28
CAMP_007,2023-01-06,7,707.01,101.0
CAMP_007,2023-01-07,11,677.14,61.56
CAMP_007,2023-01-08,5,218.06,43.61
CAMP_007,2023-01-09,5,334.78,66.96
CAMP_007,2023-01-10,13,2816.73,216.67
CAMP_007,2023-01-11,3,616.69,205.56
CAMP_007,2023-01-12,4,402.06,100.52
CAMP_007,2023-01-13,10,1214.53,121.45
CAMP_007,2023-01-14,3,600.38,200.13
CAMP_007,2023-01-15,3,400.49,133.5
CAMP_007,2023-01-16,12,1696.56,141.38
CAMP_007,2023-01-17,6,327.1,54.52
CAMP_007,2023-01-18,7,590.78,84.4
CAMP_007,2023-01-19,9,1345.37,149.49
CAMP_007,2023-01-20,2,310.27,155.13
CAMP_007,2023-01-21,1,236.16,236.16
CAMP_007,2023-01-22,4,465.87,116.47
CAMP_007,2023-01-23,1,166.41,166.41
CAMP_007,2023-01-24,5,904.9,180.98
CAMP_007,2023-01-25,6,242.69,40.45
CAMP_007,2023-01-26,0,0.0,0.0
CAMP_007,2023-01-27,3,294.18,98.06
CAMP_007,2023-01-28,12,2864.89,238.74
CAMP_007,2023-01-29,8,1888.74,236.09
CAMP_007,2023-01-30,10,829.67,82.97
CAMP_007,2023-01-31,19,3646.26,191.91
CAMP_007,2023-02-01,16,3056.73,191.05
CAMP_007,2023-02-02,4,909.59,227.4
CAMP_007,2023-02-03,1,204.36,204.36
CAMP_007,2023-02-04,4,743.92,185.98
CAMP_007,2023-02-05,2,129.34,64.67
CAMP_007,2023-02-06,5,619.73,123.95
CAMP_007,2023-02-07,17,1483.44,87.26
CAMP_007,2023-02-08,2,410.33,205.16
CAMP_007,2023-02-09,1,105.95,105.95
CAMP_007,2023-02-10,10,1359.55,135.95
CAMP_007,2023-02-11,7,546.06,78.01
CAMP_007,2023-02-12,6,336.43,56.07
CAMP_007,2023-02-13,11,2474.97,225.0
CAMP_008,2023-08-25,8,1518.84,189.85
CAMP_008,2023-08-26,2,494.13,247.06
CAMP_008,2023-08-27,5,959.1,191.82
CAMP_008,2023-08-28,14,3341.4,238.67
CAMP_008,2023-08-29,16,3684.26,230.27
CAMP_008,2023-08-30,1,176.46,176.46
CAMP_008,2023-08-31,5,414.62,82.92
CAMP_008,2023-09-01,18,2722.21,151.23
CAMP_008,2023-09-02,2,474.82,237.41
CAMP_008,2023-09-03,10,1313.03,131.3
CAMP_008,2023-09-04,0,0.0,0.0
CAMP_008,2023-09-05,4,778.54,194.63
CAMP_008,2023-09-06,2,394.91,197.46
CAMP_008,2023-09-07,11,2654.68,241.33
CAMP_008,2023-09-08,11,1161.2,105.56
CAMP_008,2023-09-09,3,300.55,100.18
CAMP_008,2023-09-10,9,700.39,77.82
CAMP_008,2023-09-11,9,1506.68,167.41
CAMP_008,2023-09-12,1,46.13,46.13
CAMP_008,2023-09-13,13,1773.07,136.39
CAMP_008,2023-09-14,2,378.97,189.49
CAMP_008,2023-09-15,4,334.51,83.63
CAMP_008,2023-09-16,13,2288.65,176.05
CAMP_008,2023-09-17,19,4500.37,236.86
CAMP_008,2023-09-18,2,124.34,62.17
CAMP_008,2023-09-19,1,111.0,111.0
CAMP_008,2023-09-20,13,1234.06,94.93
CAMP_008,2023-09-21,2,261.75,130.88
CAMP_008,2023-09-22,5,623.55,124.71
CAMP_008,2023-09-23,2,190.44,95.22
CAMP_008,2023-09-24,12,568.2,47.35
CAMP_008,2023-09-25,5,352.36,70.47
CAMP_008,2023-09-26,4,920.41,230.1
CAMP_008,2023-09-27,4,233.92,58.48
CAMP_008,2023-09-28,8,1901.28,237.66
CAMP_008,2023-09-29,6,365.74,60.96
CAMP_008,2023-09-30,0,0.0,0.0
CAMP_008,2023-10-01,8,712.62,89.08
CAMP_008,2023-10-02,3,335.7,111.9
CAMP_008,2023-10-03,1,74.18,74.18
CAMP_008,2023-10-04,9,706.78,78.53
CAMP_008,2023-10-05,8,1933.65,241.71
CAMP_008,2023-10-06,13,2493.22,191.79
CAMP_008,2023-10-07,10,576.54,57.65
CAMP_008,2023-10-08,7,1381.99,197.43
CAMP_008,2023-10-09,8,800.0,100.0
CAMP_008,2023-10-10,7,575.58,82.23
CAMP_009,2023-07-03,4,866.29,216.57
CAMP_009,2023-07-04,4,806.5,201.62
CAMP_009,2023-07-05,2,88.56,44.28
CAMP_009,2023-07-06,4,951.3,237.82
CAMP_009,2023-07-07,7,283.17,40.45
CAMP_009,2023-07-08,2,460.83,230.41
CAMP_009,2023-07-09,1,247.02,247.02
CAMP_009,2023-07-10,0,0.0,0.0
CAMP_009,2023-07-11,11,1704.93,154.99
CAMP_009,2023-07-12,5,337.41,67.48
CAMP_009,2023-07-13,7,1301.25,185.89
CAMP_009,2023-07-14,7,1655.86,236.55
CAMP_009,2023-07-15,7,1111.3,158.76
CAMP_009,2023-07-16,7,364.56,52.08
CAMP_009,2023-07-17,1,122.69,122.69
CAMP_009,2023-07-18,6,982.15,163.69
CAMP_009,2023-07-19,9,405.22,45.02
CAMP_009,2023-07-20,10,2116.99,211.7
CAMP_009,2023-07-21,9,1698.07,188.67
CAMP_009,2023-07-22,4,677.16,169.29
CAMP_009,2023-07-23,3,460.54,153.51
CAMP_009,2023-07-24,4,950.59,237.65
CAMP_010,2023-04-01,5,862.89,172.58
CAMP_010,2023-04-02,9,1896.75,210.75
CAMP_010,2023-04-03,5,988.41,197.68
CAMP_010,2023-04-04,1,143.62,143.62
CAMP_010,2023-04-05,4,434.34,108.58
CAMP_010,2023-04-06,6,1426.05,237.67
CAMP_010,2023-04-07,2,457.54,228.77
CAMP_010,2023-04-08,4,712.8,178.2
CAMP_010,2023-04-09,7,1405.59,200.8
CAMP_010,2023-04-10,2,356.18,178.09
CAMP_010,2023-04-11,0,0.0,0.0
CAMP_010,2023-04-12,3,580.89,193.63
CAMP_010,2023-04-13,7,617.37,88.2
CAMP_010,2023-04-14,6,838.45,139.74
CAMP_010,2023-04-15,4,250.32,62.58
CAMP_010,2023-04-16,6,494.78,82.46
CAMP_010,2023-04-17,5,561.52,112.3
CAMP_010,2023-04-18,1,230.08,230.08
CAMP_010,2023-04-19,7,1076.33,153.76
CAMP_010,2023-04-20,4,505.33,126.33
CAMP_010,2023-04-21,3,453.65,151.22
CAMP_010,2023-04-22,4,462.59,115.65
CAMP_010,2023-04-23,2,156.85,78.42
CAMP_010,2023-04-24,5,1008.3,201.66
CAMP_010,2023-04-25,3,448.13,149.38
CAMP_010,2023-04-26,2,138.99,69.5
CAMP_010,2023-04-27,9,1247.39,138.6
CAMP_010,2023-04-28,2,123.02,61.51
CAMP_010,2023-04-29,3,270.6,90.2
CAMP_010,2023-04-30,5,1007.54,201.51
CAMP_010,2023-05-01,8,1042.22,130.28
CAMP_010,2023-05-02,3,227.19,75.73
CAMP_010,2023-05-03,5,306.8,61.36
CAMP_010,2023-05-04,0,0.0,0.0
CAMP_010,2023-05-05,3,388.85,129.62
CAMP_010,2023-05-06,3,143.05,47.68
CAMP_010,2023-05-07,2,201.3,100.65
CAMP_010,2023-05-08,6,428.8,71.47
CAMP_010,2023-05-09,3,262.91,87.64
CAMP_010,2023-05-10,2,330.74,165.37
CAMP_010,2023-05-11,2,111.76,55.88
CAMP_010,2023-05-12,9,1349.08,149.9
CAMP_010,2023-05-13,5,279.62,55.92
CAMP_010,2023-05-14,3,459.98,153.33
CAMP_010,2023-05-15,5,373.93,74.79
CAMP_010,2023-05-16,1,87.34,87.34
CAMP_011,2023-01-12,1,238.26,238.26
CAMP_011,2023-01-13,0,0.0,0.0
CAMP_011,2023-01-14,5,1239.48,247.9
CAMP_011,2023-01-15,0,0.0,0.0
CAMP_011,2023-01-16,2,286.5,143.25
CAMP_011,2023-01-17,2,255.84,127.92
CAMP_011,2023-01-18,1,214.34,214.34
CAMP_011,2023-01-19,4,837.7,209.43
CAMP_011,2023-01-20,4,494.12,123.53
CAMP_011,2023-01-21,1,135.58,135.58
CAMP_011,2023-01-22,3,183.4,61.13
CAMP_011,2023-01-23,2,134.32,67.16
CAMP_011,2023-01-24,1,151.58,151.58
CAMP_011,2023-01-25,0,0.0,0.0
CAMP_011,2023-01-26,0,0.0,0.0
CAMP_011,2023-01-27,2,466.11,233.06
CAMP_011,2023-01-28,3,709.8,236.6
CAMP_011,2023-01-29,1,46.35,46.35
CAMP_011,2023-01-30,4,518.1,129.53
CAMP_011,2023-01-31,2,211.47,105.73
CAMP_011,2023-02-01,2,256.07,128.03
CAMP_011,2023-02-02,1,136.52,136.52
CAMP_011,2023-02-03,0,0.0,0.0
CAMP_011,2023-02-04,4,975.33,243.83
CAMP_012,2023-02-14,3,354.85,118.28
CAMP_012,2023-02-15,1,222.5,222.5
CAMP_012,2023-02-16,1,73.96,73.96
CAMP_012,2023-02-17,1,44.35,44.35
CAMP_012,2023-02-18,0,0.0,0.0
CAMP_012,2023-02-19,3,694.71,231.57
CAMP_012,2023-02-20,4,428.27,107.07
CAMP_012,2023-02-21,1,154.69,154.69
CAMP_012,2023-02-22,2,317.49,158.75
CAMP_012,2023-02-23,1,105.5,105.5
CAMP_012,2023-02-24,2,463.59,231.79
CAMP_012,2023-02-25,0,0.0,0.0
CAMP_012,2023-02-26,1,187.13,187.13
CAMP_012,2023-02-27,2,471.65,235.82
CAMP_012,2023-02-28,1,199.72,199.72
CAMP_012,2023-03-01,3,704.17,234.72
CAMP_012,2023-03-02,0,0.0,0.0
CAMP_012,2023-03-03,1,147.81,147.81
CAMP_012,2023-03-04,2,484.24,242.12
CAMP_012,2023-03-05,0,0.0,0.0
CAMP_012,2023-03-06,1,77.74,77.74
CAMP_012,2023-03-07,2,211.68,105.84
CAMP_012,2023-03-08,2,220.73,110.36
CAMP_013,2023-06-18,4,199.94,49.98
CAMP_013,2023-06-19,1,40.84,40.84
CAMP_013,2023-06-20,1,98.08,98.08
CAMP_013,2023-06-21,0,0.0,0.0
CAMP_013,2023-06-22,4,752.82,188.21
CAMP_013,2023-06-23,2,282.94,141.47
CAMP_013,2023-06-24,2,144.73,72.36
CAMP_013,2023-06-25,2,463.17,231.59
CAMP_013,2023-06-26,0,0.0,0.0
CAMP_013,2023-06-27,1,89.67,89.67
CAMP_013,2023-06-28,1,49.87,49.87
CAMP_013,2023-06-29,1,93.56,93.56
CAMP_013,2023-06-30,4,834.21,208.55
CAMP_013,2023-07-01,1,215.3,215.3
CAMP_013,2023-07-02,2,445.64,222.82
CAMP_013,2023-07-03,1,177.58,177.58
CAMP_013,2023-07-04,0,0.0,0.0
CAMP_013,2023-07-05,0,0.0,0.0
CAMP_013,2023-07-06,1,49.85,49.85
CAMP_013,2023-07-07,2,216.08,108.04
CAMP_013,2023-07-08,1,148.72,148.72
CAMP_013,2023-07-09,4,183.24,45.81
CAMP_014,2023-04-19,5,299.75,59.95
CAMP_014,2023-04-20,3,228.44,76.15
CAMP_014,2023-04-21,9,1574.75,174.97
CAMP_014,2023-04-22,6,694.41,115.73
CAMP_014,2023-04-23,7,973.46,139.07
CAMP_014,2023-04-24,6,565.22,94.2
CAMP_014,2023-04-25,7,673.17,96.17
CAMP_014,2023-04-26,9,1547.95,171.99
CAMP_014,2023-04-27,7,916.37,130.91
CAMP_014,2023-04-28,1,119.24,119.24
CAMP_014,2023-04-29,6,1226.03,204.34
CAMP_014,2023-04-30,6,265.93,44.32
CAMP_014,2023-05-01,1,164.48,164.48
CAMP_014,2023-05-02,16,3185.88,199.12
CAMP_014,2023-05-03,2,199.62,99.81
CAMP_014,2023-05-04,4,219.48,54.87
CAMP_014,2023-05-05,4,233.71,58.43
CAMP_014,2023-05-06,12,2182.2,181.85
CAMP_014,2023-05-07,6,779.51,129.92
CAMP_014,2023-05-08,6,606.32,101.05
CAMP_014,2023-05-09,8,1742.27,217.78
CAMP_014,2023-05-10,13,1209.02,93.0
CAMP_014,2023-05-11,14,1548.77,110.63
CAMP_014,2023-05-12,12,1619.77,134.98
CAMP_014,2023-05-13,6,540.6,90.1
CAMP_014,2023-05-14,7,1084.9,154.99
CAMP_014,2023-05-15,10,2247.87,224.79
CAMP_014,2023-05-16,4,941.78,235.44
CAMP_014,2023-05-17,4,380.8,95.2
CAMP_014,2023-05-18,3,539.86,179.95
CAMP_014,2023-05-19,10,557.91,55.79
CAMP_014,2023-05-20,13,1318.48,101.42
CAMP_014,2023-05-21,1,46.02,46.02
CAMP_014,2023-05-22,2,368.27,184.13
CAMP_014,2023-05-23,4,575.81,143.95
CAMP_014,2023-05-24,11,2207.7,200.7
CAMP_014,2023-05-25,6,532.2,88.7
CAMP_014,2023-05-26,6,482.22,80.37
CAMP_014,2023-05-27,10,1477.08,147.71
CAMP_014,2023-05-28,0,0.0,0.0
CAMP_014,2023-05-29,9,599.46,66.61
CAMP_014,2023-05-30,6,979.28,163.21
CAMP_015,2023-07-01,5,461.14,92.23
CAMP_015,2023-07-02,3,216.16,72.05
CAMP_015,2023-07-03,2,211.51,105.75
CAMP_015,2023-07-04,7,458.11,65.44
CAMP_015,2023-07-05,4,350.7,87.67
CAMP_015,2023-07-06,2,294.54,147.27
CAMP_015,2023-07-07,12,2470.4,205.87
CAMP_015,2023-07-08,6,788.9,131.48
CAMP_015,2023-07-09,0,0.0,0.0
CAMP_015,2023-07-10,7,680.2,97.17
CAMP_015,2023-07-11,3,622.18,207.39
CAMP_015,2023-07-12,0,0.0,0.0
CAMP_015,2023-07-13,5,1119.41,223.88
CAMP_015,2023-07-14,13,1969.46,151.5
CAMP_015,2023-07-15,5,1136.46,227.29
CAMP_015,2023-07-16,10,1087.73,108.77
CAMP_015,2023-07-17,8,1951.57,243.95
CAMP_015,2023-07-18,0,0.0,0.0
CAMP_015,2023-07-19,2,362.4,181.2
CAMP_015,2023-07-20,3,627.89,209.3
CAMP_015,2023-07-21,9,1052.53,116.95
CAMP_015,2023-07-22,5,855.35,171.07
CAMP_015,2023-07-23,7,360.24,51.46
CAMP_015,2023-07-24,8,1603.06,200.38
CAMP_015,2023-07-25,5,438.1,87.62
CAMP_015,2023-07-26,2,356.74,178.37
CAMP_015,2023-07-27,2,352.33,176.16
CAMP_015,2023-07-28,2,259.07,129.53
CAMP_015,2023-07-29,5,424.62,84.92
CAMP_015,2023-07-30,7,1356.86,193.84
CAMP_015,2023-07-31,9,2143.64,238.18
CAMP_015,2023-08-01,5,946.05,189.21
CAMP_015,2023-08-02,2,454.09,227.04
CAMP_015,2023-08-03,5,879.51,175.9
CAMP_015,2023-08-04,2,371.6,185.8
CAMP_015,2023-08-05,3,629.51,209.84
CAMP_015,2023-08-06,2,167.11,83.56
CAMP_015,2023-08-07,3,419.52,139.84
CAMP_015,2023-08-08,3,180.21,60.07
CAMP_015,2023-08-09,0,0.0,0.0
CAMP_015,2023-08-10,0,0.0,0.0
CAMP_015,2023-08-11,7,491.88,70.27
CAMP_015,2023-08-12,8,1002.07,125.26
CAMP_015,2023-08-13,2,455.5,227.75
CAMP_015,2023-08-14,4,587.76,146.94
CAMP_015,2023-08-15,5,406.64,81.33
CAMP_015,2023-08-16,6,767.84,127.97
CAMP_015,2023-08-17,1,51.73,51.73
CAMP_015,2023-08-18,1,146.01,146.01
CAMP_015,2023-08-19,1,86.29,86.29
CAMP_015,2023-08-20,1,126.81,126.81
CAMP_015,2023-08-21,5,305.1,61.02
CAMP_015,2023-08-22,1,71.04,71.04
CAMP_015,2023-08-23,3,454.99,151.66
CAMP_015,2023-08-24,7,1335.03,190.72
CAMP_015,2023-08-25,6,987.11,164.52
CAMP_015,2023-08-26,2,304.02,152.01
CAMP_015,2023-08-27,8,1104.78,138.1
CAMP_016,2023-03-19,5,511.34,102.27
CAMP_016,2023-03-20,4,984.49,246.12
CAMP_016,2023-03-21,10,1018.81,101.88
CAMP_016,2023-03-22,15,1359.75,90.65
CAMP_016,2023-03-23,8,497.22,62.15
CAMP_016,2023-03-24,6,580.08,96.68
CAMP_016,2023-03-25,6,1050.65,175.11
CAMP_016,2023-03-26,5,305.3,61.06
CAMP_016,2023-03-27,3,235.51,78.5
CAMP_016,2023-03-28,1,185.28,185.28
CAMP_016,2023-03-29,9,600.53,66.73
CAMP_016,2023-03-30,2,320.96,160.48
CAMP_016,2023-03-31,6,1032.64,172.11
CAMP_016,2023-04-01,12,2621.55,218.46
CAMP_016,2023-04-02,6,1285.59,214.26
CAMP_016,2023-04-03,6,576.39,96.06
CAMP_016,2023-04-04,13,1554.5,119.58
CAMP_016,2023-04-05,5,254.66,50.93
CAMP_016,2023-04-06,4,804.88,201.22
CAMP_016,2023-04-07,5,851.03,170.21
CAMP_016,2023-04-08,4,182.14,45.53
CAMP_016,2023-04-09,6,1362.36,227.06
CAMP_016,2023-04-10,1,147.8,147.8
CAMP_016,2023-04-11,5,1213.79,242.76
CAMP_016,2023-04-12,0,0.0,0.0
CAMP_016,2023-04-13,3,306.63,102.21
CAMP_016,2023-04-14,9,795.68,88.41
CAMP_016,2023-04-15,1,141.34,141.34
CAMP_016,2023-04-16,16,3630.07,226.88
CAMP_016,2023-04-17,10,1568.9,156.89
CAMP_016,2023-04-18,1,239.13,239.13
CAMP_016,2023-04-19,0,0.0,0.0
CAMP_016,2023-04-20,10,436.27,43.63
CAMP_016,2023-04-21,10,1496.14,149.61
CAMP_016,2023-04-22,1,95.35,95.35
CAMP_016,2023-04-23,18,1867.57,103.75
CAMP_016,2023-04-24,11,1940.54,176.41
CAMP_016,2023-04-25,5,1007.14,201.43
CAMP_016,2023-04-26,3,675.53,225.18
CAMP_016,2023-04-27,0,0.0,0.0
CAMP_016,2023-04-28,1,111.03,111.03
CAMP_016,2023-04-29,9,1087.72,120.86
CAMP_016,2023-04-30,4,293.06,73.27
CAMP_016,2023-05-01,9,1261.97,140.22
CAMP_016,2023-05-02,14,2502.03,178.72
CAMP_016,2023-05-03,1,55.88,55.88
CAMP_016,2023-05-04,4,428.12,107.03
CAMP_016,2023-05-05,9,2241.45,249.05
CAMP_016,2023-05-06,2,348.46,174.23
CAMP_016,2023-05-07,3,302.37,100.79
CAMP_016,2023-05-08,11,1463.88,133.08
CAMP_016,2023-05-09,10,1990.42,199.04
CAMP_017,2023-03-15,2,411.94,205.97
CAMP_017,2023-03-16,2,417.58,208.79
CAMP_017,2023-03-17,1,232.64,232.64
CAMP_017,2023-03-18,3,195.27,65.09
CAMP_017,2023-03-19,3,485.58,161.86
CAMP_017,2023-03-20,0,0.0,0.0
CAMP_017,2023-03-21,3,459.15,153.05
CAMP_017,2023-03-22,3,267.04,89.01
CAMP_017,2023-03-23,0,0.0,0.0
CAMP_017,2023-03-24,3,144.21,48.07
CAMP_017,2023-03-25,1,178.65,178.65
CAMP_017,2023-03-26,2,178.4,89.2
CAMP_017,2023-03-27,1,221.9,221.9
CAMP_017,2023-03-28,2,179.91,89.95
CAMP_017,2023-03-29,5,1108.4,221.68
CAMP_017,2023-03-30,3,493.96,164.65
CAMP_017,2023-03-31,4,769.08,192.27
CAMP_017,2023-04-01,0,0.0,0.0
CAMP_017,2023-04-02,2,379.54,189.77
CAMP_017,2023-04-03,1,168.07,168.07
CAMP_017,2023-04-04,1,125.77,125.77
CAMP_017,2023-04-05,1,222.38,222.38
CAMP_017,2023-04-06,0,0.0,0.0
CAMP_017,2023-04-07,0,0.0,0.0
CAMP_017,2023-04-08,0,0.0,0.0
CAMP_017,2023-04-09,3,449.14,149.71
CAMP_017,2023-04-10,1,66.53,66.53
CAMP_017,2023-04-11,4,266.33,66.58
CAMP_017,2023-04-12,0,0.0,0.0
CAMP_017,2023-04-13,3,654.73,218.24
CAMP_017,2023-04-14,0,0.0,0.0
CAMP_017,2023-04-15,1,231.25,231.25
CAMP_018,2023-04-17,8,468.98,58.62
CAMP_018,2023-04-18,7,1419.33,202.76
CAMP_018,2023-04-19,2,84.02,42.01
CAMP_018,2023-04-20,10,1842.24,184.22
CAMP_018,2023-04-21,7,1194.61,170.66
CAMP_018,2023-04-22,3,369.96,123.32
CAMP_018,2023-04-23,7,1298.41,185.49
CAMP_018,2023-04-24,9,1073.38,119.26
CAMP_018,2023-04-25,4,334.34,83.58
CAMP_018,2023-04-26,10,642.47,64.25
CAMP_018,2023-04-27,7,311.82,44.55
CAMP_018,2023-04-28,5,839.41,167.88
CAMP_018,2023-04-29,2,364.85,182.43
CAMP_018,2023-04-30,5,263.36,52.67
CAMP_018,2023-05-01,5,1164.25,232.85
CAMP_018,2023-05-02,9,1524.04,169.34
CAMP_018,2023-05-03,8,506.32,63.29
CAMP_018,2023-05-04,7,1071.83,153.12
CAMP_018,2023-05-05,7,1653.1,236.16
CAMP_018,2023-05-06,0,0.0,0.0
CAMP_018,2023-05-07,11,2338.98,212.63
CAMP_018,2023-05-08,9,1764.54,196.06
CAMP_018,2023-05-09,6,826.86,137.81
CAMP_018,2023-05-10,8,1115.69,139.46
CAMP_018,2023-05-11,5,912.51,182.5
CAMP_018,2023-05-12,3,160.95,53.65
CAMP_018,2023-05-13,2,201.23,100.61
CAMP_018,2023-05-14,3,584.9,194.97
CAMP_018,2023-05-15,10,2365.15,236.52
CAMP_018,2023-05-16,3,148.73,49.58
CAMP_018,2023-05-17,2,126.31,63.16
CAMP_018,2023-05-18,9,2022.14,224.68
CAMP_018,2023-05-19,9,1644.09,182.68
CAMP_018,2023-05-20,9,1538.0,170.89
CAMP_018,2023-05-21,3,656.28,218.76
CAMP_018,2023-05-22,3,353.61,117.87
CAMP_018,2023-05-23,7,675.16,96.45
CAMP_018,2023-05-24,7,1559.45,222.78
CAMP_018,2023-05-25,6,1406.97,234.5
CAMP_018,2023-05-26,9,1642.82,182.54
CAMP_018,2023-05-27,2,330.3,165.15
CAMP_018,2023-05-28,1,116.77,116.77
CAMP_018,2023-05-29,1,43.24,43.24
CAMP_018,2023-05-30,1,69.89,69.89
CAMP_018,2023-05-31,5,1046.27,209.25
CAMP_018,2023-06-01,7,344.59,49.23
CAMP_018,2023-06-02,8,965.01,120.63
CAMP_018,2023-06-03,1,75.03,75.03
CAMP_018,2023-06-04,0,0.0,0.0
CAMP_019,2023-03-02,0,0.0,0.0
CAMP_019,2023-03-03,3,688.28,229.43
CAMP_019,2023-03-04,4,472.21,118.05
CAMP_019,2023-03-05,3,273.16,91.05
CAMP_019,2023-03-06,13,1087.26,83.64
CAMP_019,2023-03-07,3,615.88,205.29
CAMP_019,2023-03-08,4,989.04,247.26
CAMP_019,2023-03-09,12,2863.0,238.58
CAMP_019,2023-03-10,4,453.67,113.42
CAMP_019,2023-03-11,4,238.06,59.52
CAMP_019,2023-03-12,5,1235.14,247.03
CAMP_019,2023-03-13,1,206.47,206.47
CAMP_019,2023-03-14,11,1073.97,97.63
CAMP_019,2023-03-15,4,529.16,132.29
CAMP_019,2023-03-16,2,276.72,138.36
CAMP_019,2023-03-17,1,142.54,142.54
CAMP_019,2023-03-18,5,964.79,192.96
CAMP_019,2023-03-19,4,390.81,97.7
CAMP_019,2023-03-20,0,0.0,0.0
CAMP_019,2023-03-21,8,1429.66,178.71
CAMP_019,2023-03-22,15,3715.39,247.69
CAMP_019,2023-03-23,5,347.43,69.49
CAMP_019,2023-03-24,3,703.09,234.36
CAMP_019,2023-03-25,1,94.72,94.72
CAMP_019,2023-03-26,6,1268.61,211.43
CAMP_019,2023-03-27,3,221.27,73.76
CAMP_019,2023-03-28,10,1466.92,146.69
CAMP_019,2023-03-29,4,367.93,91.98
CAMP_019,2023-03-30,4,174.98,43.74
CAMP_019,2023-03-31,11,1270.43,115.49
CAMP_019,2023-04-01,4,500.48,125.12
CAMP_019,2023-04-02,8,421.77,52.72
CAMP_019,2023-04-03,2,224.22,112.11
CAMP_019,2023-04-04,7,1086.91,155.27
CAMP_019,2023-04-05,4,351.14,87.78
CAMP_019,2023-04-06,0,0.0,0.0
CAMP_019,2023-04-07,9,1639.39,182.15
CAMP_020,2023-01-06,3,505.36,168.45
CAMP_020,2023-01-07,8,1362.75,170.34
CAMP_020,2023-01-08,11,1594.81,144.98
CAMP_020,2023-01-09,5,567.65,113.53
CAMP_020,2023-01-10,4,696.05,174.01
CAMP_020,2023-01-11,9,374.25,41.58
CAMP_020,2023-01-12,9,1049.35,116.59
CAMP_020,2023-01-13,4,708.06,177.01
CAMP_020,2023-01-14,6,1112.31,185.38
CAMP_020,2023-01-15,10,1480.78,148.08
CAMP_020,2023-01-16,12,2509.72,209.14
CAMP_020,2023-01-17,7,1370.18,195.74
CAMP_020,2023-01-18,3,559.43,186.48
CAMP_020,2023-01-19,5,459.04,91.81
CAMP_020,2023-01-20,10,443.16,44.32
CAMP_020,2023-01-21,17,1666.25,98.01
CAMP_020,2023-01-22,12,2180.08,181.67
CAMP_020,2023-01-23,14,3024.58,216.04
CAMP_020,2023-01-24,13,2180.53,167.73
CAMP_020,2023-01-25,7,1345.7,192.24
CAMP_020,2023-01-26,8,1399.89,174.99
CAMP_020,2023-01-27,0,0.0,0.0
CAMP_020,2023-01-28,2,200.15,100.08
CAMP_020,2023-01-29,2,332.1,166.05
CAMP_020,2023-01-30,8,729.12,91.14
CAMP_020,2023-01-31,7,1587.73,226.82
CAMP_020,2023-02-01,20,886.78,44.34
CAMP_020,2023-02-02,3,623.88,207.96
CAMP_020,2023-02-03,4,483.59,120.9
CAMP_020,2023-02-04,7,430.5,61.5
CAMP_020,2023-02-05,1,46.98,46.98
CAMP_020,2023-02-06,0,0.0,0.0
CAMP_020,2023-02-07,13,774.79,59.6
CAMP_020,2023-02-08,8,709.5,88.69
CAMP_020,2023-02-09,5,724.12,144.82
CAMP_020,2023-02-10,8,377.02,47.13
CAMP_020,2023-02-11,15,636.55,42.44
CAMP_020,2023-02-12,2,80.89,40.45
CAMP_020,2023-02-13,5,560.03,112.01
CAMP_020,2023-02-14,11,1573.63,143.06
CAMP_020,2023-02-15,5,722.97,144.59
CAMP_020,2023-02-16,11,2460.57,223.69
CAMP_020,2023-02-17,8,461.84,57.73
CAMP_020,2023-02-18,6,1041.92,173.65
CAMP_020,2023-02-19,2,487.11,243.56
CAMP_020,2023-02-20,2,201.82,100.91
CAMP_020,2023-02-21,1,235.44,235.44
CAMP_020,2023-02-22,0,0.0,0.0
CAMP_020,2023-02-23,17,3149.34,185.26
CAMP_020,2023-02-24,7,1062.05,151.72
CAMP_020,2023-02-25,7,807.44,115.35
CAMP_021,2023-07-24,0,0.0,0.0
CAMP_021,2023-07-25,1,112.44,112.44
CAMP_021,2023-07-26,3,207.8,69.27
CAMP_021,2023-07-27,0,0.0,0.0
CAMP_021,2023-07-28,2,159.86,79.93
CAMP_021,2023-07-29,7,865.95,123.71
CAMP_021,2023-07-30,8,779.82,97.48
CAMP_021,2023-07-31,5,978.98,195.8
CAMP_021,2023-08-01,5,1240.32,248.06
CAMP_021,2023-08-02,6,881.54,146.92
CAMP_021,2023-08-03,8,1701.33,212.67
CAMP_021,2023-08-04,9,440.0,48.89
CAMP_021,2023-08-05,6,1073.94,178.99
CAMP_021,2023-08-06,9,549.03,61.0
CAMP_021,2023-08-07,3,569.71,189.9
CAMP_021,2023-08-08,4,345.89,86.47
CAMP_021,2023-08-09,3,174.21,58.07
CAMP_021,2023-08-10,15,2555.14,170.34
CAMP_021,2023-08-11,2,239.29,119.64
CAMP_021,2023-08-12,4,206.26,51.56
CAMP_021,2023-08-13,2,123.96,61.98
CAMP_021,2023-08-14,10,2393.19,239.32
CAMP_021,2023-08-15,13,1254.37,96.49
CAMP_021,2023-08-16,1,102.71,102.71
CAMP_021,2023-08-17,3,598.97,199.66
CAMP_021,2023-08-18,6,1284.15,214.03
CAMP_021,2023-08-19,2,328.45,164.22
CAMP_021,2023-08-20,7,831.68,118.81
CAMP_021,2023-08-21,7,810.55,115.79
CAMP_021,2023-08-22,14,1906.72,136.19
CAMP_021,2023-08-23,1,205.51,205.51
CAMP_021,2023-08-24,4,224.4,56.1
CAMP_021,2023-08-25,6,1158.14,193.02
CAMP_021,2023-08-26,13,1940.54,149.27
CAMP_021,2023-08-27,8,777.11,97.14
CAMP_022,2023-10-01,1,92.66,92.66
CAMP_022,2023-10-02,6,665.54,110.92
CAMP_022,2023-10-03,6,807.97,134.66
CAMP_022,2023-10-04,7,1716.19,245.17
CAMP_022,2023-10-05,4,678.37,169.59
CAMP_022,2023-10-06,13,2578.28,198.33
CAMP_022,2023-10-07,4,971.39,242.85
CAMP_022,2023-10-08,5,273.37,54.67
CAMP_022,2023-10-09,4,942.52,235.63
CAMP_022,2023-10-10,13,882.51,67.89
CAMP_022,2023-10-11,7,389.99,55.71
CAMP_022,2023-10-12,8,847.97,106.0
CAMP_022,2023-10-13,4,982.0,245.5
CAMP_022,2023-10-14,4,542.12,135.53
CAMP_022,2023-10-15,7,811.97,116.0
CAMP_022,2023-10-16,6,541.08,90.18
CAMP_022,2023-10-17,7,1089.94,155.71
CAMP_022,2023-10-18,4,320.81,80.2
CAMP_022,2023-10-19,8,1848.15,231.02
CAMP_023,2023-08-16,11,1064.74,96.79
CAMP_023,2023-08-17,1,237.89,237.89
CAMP_023,2023-08-18,13,2072.23,159.4
CAMP_023,2023-08-19,15,803.48,53.57
CAMP_023,2023-08-20,6,461.86,76.98
CAMP_023,2023-08-21,16,2104.77,131.55
CAMP_023,2023-08-22,11,2636.47,239.68
CAMP_023,2023-08-23,8,989.72,123.72
CAMP_023,2023-08-24,2,174.16,87.08
CAMP_023,2023-08-25,9,1628.19,180.91
CAMP_023,2023-08-26,12,1859.89,154.99
CAMP_023,2023-08-27,14,1938.33,138.45
CAMP_023,2023-08-28,1,164.86,164.86
CAMP_023,2023-08-29,18,2956.9,164.27
CAMP_023,2023-08-30,5,1178.32,235.66
CAMP_023,2023-08-31,2,234.3,117.15
CAMP_023,2023-09-01,1,170.07,170.07
CAMP_023,2023-09-02,6,944.07,157.34
CAMP_023,2023-09-03,7,373.05,53.29
CAMP_023,2023-09-04,11,660.15,60.01
CAMP_023,2023-09-05,16,2251.77,140.74
CAMP_023,2023-09-06,8,1351.51,168.94
CAMP_023,2023-09-07,13,1912.11,147.09
CAMP_023,2023-09-08,17,1675.3,98.55
CAMP_023,2023-09-09,6,659.37,109.89
CAMP_023,2023-09-10,2,83.52,41.76
CAMP_023,2023-09-11,10,1649.11,164.91
CAMP_023,2023-09-12,5,652.55,130.51
CAMP_024,2023-06-10,13,2752.53,211.73
CAMP_024,2023-06-11,6,1357.35,226.22
CAMP_024,2023-06-12,2,213.33,106.67
CAMP_024,2023-06-13,0,0.0,0.0
CAMP_024,2023-06-14,6,567.21,94.54
CAMP_024,2023-06-15,15,2613.78,174.25
CAMP_024,2023-06-16,4,671.25,167.81
CAMP_024,2023-06-17,4,735.33,183.83
CAMP_024,2023-06-18,6,1428.63,238.11
CAMP_024,2023-06-19,3,650.77,216.92
CAMP_024,2023-06-20,17,3553.27,209.02
CAMP_024,2023-06-21,13,2509.03,193.0
CAMP_024,2023-06-22,3,574.18,191.39
CAMP_024,2023-06-23,19,3681.43,193.76
CAMP_024,2023-06-24,13,1752.09,134.78
CAMP_024,2023-06-25,20,4426.61,221.33
CAMP_024,2023-06-26,10,1339.17,133.92
CAMP_024,2023-06-27,3,570.45,190.15
CAMP_024,2023-06-28,3,429.58,143.19
CAMP_024,2023-06-29,9,727.23,80.8
CAMP_024,2023-06-30,13,2746.0,211.23
CAMP_024,2023-07-01,5,985.1,197.02
CAMP_024,2023-07-02,14,2107.18,150.51
CAMP_024,2023-07-03,8,1614.93,201.87
CAMP_024,2023-07-04,11,785.74,71.43
CAMP_024,2023-07-05,0,0.0,0.0
CAMP_024,2023-07-06,2,409.76,204.88
CAMP_025,2023-08-13,6,988.1,164.68
CAMP_025,2023-08-14,12,2671.04,222.59
CAMP_025,2023-08-15,7,1148.87,164.12
CAMP_025,2023-08-16,1,135.85,135.85
CAMP_025,2023-08-17,5,560.83,112.17
CAMP_025,2023-08-18,4,254.37,63.59
CAMP_025,2023-08-19,2,351.95,175.97
CAMP_025,2023-08-20,7,436.97,62.42
CAMP_025,2023-08-21,10,931.18,93.12
CAMP_025,2023-08-22,1,223.1,223.1
CAMP_025,2023-08-23,7,283.56,40.51
CAMP_025,2023-08-24,2,335.04,167.52
CAMP_025,2023-08-25,3,428.42,142.81
CAMP_025,2023-08-26,11,1550.31,140.94
CAMP_025,2023-08-27,5,1072.15,214.43
CAMP_025,2023-08-28,2,212.59,106.3
CAMP_025,2023-08-29,1,190.57,190.57
CAMP_025,2023-08-30,2,328.1,164.05
CAMP_025,2023-08-31,4,941.75,235.44
CAMP_026,2023-09-15,1,179.39,179.39
CAMP_026,2023-09-16,6,338.92,56.49
CAMP_026,2023-09-17,5,283.05,56.61
CAMP_026,2023-09-18,1,111.11,111.11
CAMP_026,2023-09-19,7,959.63,137.09
CAMP_026,2023-09-20,4,404.58,101.14
CAMP_026,2023-09-21,11,1640.45,149.13
CAMP_026,2023-09-22,4,206.58,51.65
CAMP_026,2023-09-23,10,1863.21,186.32
CAMP_026,2023-09-24,13,701.67,53.97
CAMP_026,2023-09-25,7,614.71,87.82
CAMP_026,2023-09-26,7,1169.69,167.1
CAMP_026,2023-09-27,13,2426.0,186.62
CAMP_026,2023-09-28,8,1140.59,142.57
CAMP_026,2023-09-29,8,1037.48,129.69
CAMP_026,2023-09-30,16,3942.14,246.38
CAMP_026,2023-10-01,19,4363.57,229.66
CAMP_026,2023-10-02,4,306.98,76.75
CAMP_026,2023-10-03,6,580.35,96.73
CAMP_026,2023-10-04,12,1463.38,121.95
CAMP_026,2023-10-05,5,904.01,180.8
CAMP_026,2023-10-06,4,695.46,173.87
CAMP_026,2023-10-07,1,188.35,188.35
CAMP_026,2023-10-08,14,1829.38,130.67
CAMP_026,2023-10-09,13,2526.73,194.36
CAMP_026,2023-10-10,13,540.52,41.58
CAMP_026,2023-10-11,3,712.35,237.45
CAMP_026,2023-10-12,7,443.36,63.34
CAMP_026,2023-10-13,9,2175.29,241.7
CAMP_026,2023-10-14,5,1013.23,202.65
CAMP_026,2023-10-15,14,2909.61,207.83
CAMP_026,2023-10-16,7,445.24,63.61
CAMP_027,2023-03-07,7,1747.78,249.68
CAMP_027,2023-03-08,5,1030.92,206.18
CAMP_027,2023-03-09,1,157.06,157.06
CAMP_027,2023-03-10,0,0.0,0.0
CAMP_027,2023-03-11,3,462.55,154.18
CAMP_027,2023-03-12,3,410.57,136.86
CAMP_027,2023-03-13,8,1952.01,244.0
CAMP_027,2023-03-14,1,86.36,86.36
CAMP_027,2023-03-15,6,842.32,140.39
CAMP_027,2023-03-16,2,477.55,238.78
CAMP_027,2023-03-17,5,401.89,80.38
CAMP_027,2023-03-18,12,2889.63,240.8
CAMP_027,2023-03-19,0,0.0,0.0
CAMP_027,2023-03-20,9,1417.55,157.51
CAMP_027,2023-03-21,8,457.47,57.18
CAMP_027,2023-03-22,6,588.92,98.15
CAMP_027,2023-03-23,5,808.68,161.74
CAMP_027,2023-03-24,4,301.82,75.45
CAMP_027,2023-03-25,3,560.27,186.76
CAMP_027,2023-03-26,10,1187.75,118.78
CAMP_027,2023-03-27,1,219.88,219.88
CAMP_027,2023-03-28,4,771.68,192.92
CAMP_027,2023-03-29,8,328.33,41.04
CAMP_027,2023-03-30,7,373.69,53.38
CAMP_027,2023-03-31,9,1937.51,215.28
CAMP_027,2023-04-01,8,1408.81,176.1
CAMP_027,2023-04-02,7,699.6,99.94
CAMP_027,2023-04-03,2,298.65,149.32
CAMP_027,2023-04-04,3,724.87,241.62
CAMP_027,2023-04-05,8,1261.6,157.7
CAMP_028,2023-03-23,4,673.17,168.29
CAMP_028,2023-03-24,4,963.0,240.75
CAMP_028,2023-03-25,10,1410.79,141.08
CAMP_028,2023-03-26,2,338.09,169.04
CAMP_028,2023-03-27,2,456.88,228.44
CAMP_028,2023-03-28,2,332.27,166.13
CAMP_028,2023-03-29,4,645.78,161.44
CAMP_028,2023-03-30,5,414.89,82.98
CAMP_028,2023-03-31,0,0.0,0.0
CAMP_028,2023-04-01,11,653.48,59.41
CAMP_028,2023-04-02,1,135.24,135.24
CAMP_028,2023-04-03,2,250.93,125.47
CAMP_028,2023-04-04,3,211.44,70.48
CAMP_028,2023-04-05,9,1125.97,125.11
CAMP_028,2023-04-06,5,1093.34,218.67
CAMP_028,2023-04-07,5,388.57,77.71
CAMP_028,2023-04-08,1,110.18,110.18
CAMP_028,2023-04-09,5,1059.88,211.98
CAMP_028,2023-04-10,2,195.67,97.83
CAMP_028,2023-04-11,4,953.0,238.25
CAMP_028,2023-04-12,5,1213.06,242.61
CAMP_028,2023-04-13,16,2937.54,183.6
CAMP_028,2023-04-14,3,220.07,73.36
CAMP_028,2023-04-15,7,878.31,125.47
CAMP_028,2023-04-16,1,183.49,183.49
CAMP_028,2023-04-17,5,835.37,167.07
CAMP_028,2023-04-18,9,1637.0,181.89
CAMP_028,2023-04-19,0,0.0,0.0
CAMP_028,2023-04-20,6,548.96,91.49
CAMP_028,2023-04-21,0,0.0,0.0
CAMP_028,2023-04-22,0,0.0,0.0
CAMP_028,2023-04-23,6,1092.43,182.07
CAMP_029,2023-04-10,6,762.35,127.06
CAMP_029,2023-04-11,4,235.25,58.81
CAMP_029,2023-04-12,6,444.67,74.11
CAMP_029,2023-04-13,19,2126.88,111.94
CAMP_029,2023-04-14,11,1629.28,148.12
CAMP_029,2023-04-15,7,906.74,129.53
CAMP_029,2023-04-16,7,524.49,74.93
CAMP_029,2023-04-17,13,2884.11,221.85
CAMP_029,2023-04-18,2,243.35,121.67
CAMP_029,2023-04-19,14,3086.24,220.45
CAMP_029,2023-04-20,5,531.67,106.33
CAMP_029,2023-04-21,11,2105.48,191.41
CAMP_029,2023-04-22,10,2230.19,223.02
CAMP_029,2023-04-23,1,205.68,205.68
CAMP_029,2023-04-24,1,119.93,119.93
CAMP_029,2023-04-25,3,474.03,158.01
CAMP_029,2023-04-26,14,3037.81,216.99
CAMP_029,2023-04-27,12,1889.45,157.45
CAMP_029,2023-04-28,11,2735.49,248.68
CAMP_029,2023-04-29,15,3415.39,227.69
CAMP_029,2023-04-30,10,1120.38,112.04
CAMP_029,2023-05-01,6,813.0,135.5
CAMP_029,2023-05-02,3,561.25,187.08
CAMP_029,2023-05-03,3,179.8,59.93
CAMP_029,2023-05-04,1,200.37,200.37
CAMP_029,2023-05-05,7,313.05,44.72
CAMP_029,2023-05-06,14,2584.1,184.58
CAMP_029,2023-05-07,7,1167.65,166.81
CAMP_029,2023-05-08,5,591.95,118.39
CAMP_029,2023-05-09,4,401.97,100.49
CAMP_029,2023-05-10,4,433.09,108.27
CAMP_029,2023-05-11,3,557.96,185.99
CAMP_029,2023-05-12,14,1412.11,100.86
CAMP_029,2023-05-13,13,3009.18,231.48
CAMP_029,2023-05-14,21,4440.93,211.47
CAMP_029,2023-05-15,15,2099.47,139.96
CAMP_029,2023-05-16,4,218.13,54.53
CAMP_029,2023-05-17,6,695.91,115.98
CAMP_030,2023-07-01,8,1127.04,140.88
CAMP_030,2023-07-02,8,1260.73,157.59
CAMP_030,2023-07-03,8,1147.42,143.43
CAMP_030,2023-07-04,17,717.34,42.2
CAMP_030,2023-07-05,8,348.35,43.54
CAMP_030,2023-07-06,11,1087.39,98.85
CAMP_030,2023-07-07,12,2658.26,221.52
CAMP_030,2023-07-08,1,151.16,151.16
CAMP_030,2023-07-09,10,724.04,72.4
CAMP_030,2023-07-10,1,62.81,62.81
CAMP_030,2023-07-11,3,592.31,197.44
CAMP_030,2023-07-12,8,1111.27,138.91
CAMP_030,2023-07-13,13,2015.94,155.07
CAMP_030,2023-07-14,12,2502.28,208.52
CAMP_030,2023-07-15,12,570.26,47.52
CAMP_030,2023-07-16,6,907.27,151.21
CAMP_030,2023-07-17,1,222.96,222.96
CAMP_030,2023-07-18,14,776.57,55.47
CAMP_030,2023-07-19,7,938.97,134.14
CAMP_030,2023-07-20,1,117.45,117.45
CAMP_030,2023-07-21,7,1429.87,204.27
CAMP_030,2023-07-22,19,1590.88,83.73
CAMP_030,2023-07-23,12,2397.16,199.76
CAMP_030,2023-07-24,1,122.89,122.89
CAMP_030,2023-07-25,12,2235.13,186.26
CAMP_030,2023-07-26,14,1352.76,96.63
CAMP_030,2023-07-27,11,1788.45,162.59
CAMP_030,2023-07-28,7,1295.57,185.08
CAMP_030,2023-07-29,0,0.0,0.0
CAMP_030,2023-07-30,3,583.28,194.43
CAMP_030,2023-07-31,11,881.61,80.15
CAMP_030,2023-08-01,3,177.69,59.23
CAMP_030,2023-08-02,10,1773.54,177.35
CAMP_030,2023-08-03,4,927.74,231.94
CAMP_030,2023-08-04,0,0.0,0.0
CAMP_030,2023-08-05,12,538.15,44.85
CAMP_030,2023-08-06,2,460.62,230.31
CAMP_030,2023-08-07,7,1284.09,183.44
CAMP_030,2023-08-08,5,1110.02,222.0
CAMP_030,2023-08-09,14,1807.65,129.12
CAMP_030,2023-08-10,11,2171.23,197.38
CAMP_030,2023-08-11,10,1417.36,141.74
CAMP_030,2023-08-12,9,1180.51,131.17
CAMP_030,2023-08-13,7,727.21,103.89
CAMP_030,2023-08-14,3,240.2,80.07
CAMP_030,2023-08-15,14,2670.33,190.74
CAMP_030,2023-08-16,12,1537.84,128.15
CAMP_030,2023-08-17,12,716.74,59.73
CAMP_030,2023-08-18,15,801.84,53.46
CAMP_030,2023-08-19,12,2999.18,249.93
CAMP_030,2023-08-20,11,1771.96,161.09
CAMP_030,2023-08-21,6,1411.78,235.3
CAMP_030,2023-08-22,9,1018.72,113.19
CAMP_030,2023-08-23,10,1843.81,184.38
CAMP_030,2023-08-24,18,1547.17,85.95
CAMP_030,2023-08-25,1,168.56,168.56
CAMP_030,2023-08-26,19,3563.87,187.57
CAMP_030,2023-08-27,6,1138.66,189.78
CAMP_031,2023-08-02,7,1230.95,175.85
CAMP_031,2023-08-03,9,1531.08,170.12
CAMP_031,2023-08-04,7,1295.69,185.1
CAMP_031,2023-08-05,10,1434.08,143.41
CAMP_031,2023-08-06,11,2316.07,210.55
CAMP_031,2023-08-07,2,484.11,242.06
CAMP_031,2023-08-08,6,610.58,101.76
CAMP_031,2023-08-09,9,1757.99,195.33
CAMP_031,2023-08-10,9,692.7,76.97
CAMP_031,2023-08-11,10,554.38,55.44
CAMP_031,2023-08-12,0,0.0,0.0
CAMP_031,2023-08-13,5,1080.47,216.09
CAMP_031,2023-08-14,5,806.95,161.39
CAMP_031,2023-08-15,10,1979.64,197.96
CAMP_031,2023-08-16,2,95.24,47.62
CAMP_031,2023-08-17,1,177.58,177.58
CAMP_031,2023-08-18,6,1437.06,239.51
CAMP_031,2023-08-19,0,0.0,0.0
CAMP_031,2023-08-20,10,1254.28,125.43
CAMP_031,2023-08-21,5,1054.09,210.82
CAMP_031,2023-08-22,1,166.29,166.29
CAMP_031,2023-08-23,7,281.44,40.21
CAMP_031,2023-08-24,9,1233.25,137.03
CAMP_031,2023-08-25,3,696.5,232.17
CAMP_031,2023-08-26,1,202.2,202.2
CAMP_031,2023-08-27,8,1407.12,175.89
CAMP_031,2023-08-28,1,136.06,136.06
CAMP_031,2023-08-29,8,493.81,61.73
CAMP_031,2023-08-30,4,965.43,241.36
CAMP_031,2023-08-31,9,943.55,104.84
CAMP_031,2023-09-01,4,932.6,233.15
CAMP_031,2023-09-02,4,725.25,181.31
CAMP_031,2023-09-03,9,1734.37,192.71
CAMP_031,2023-09-04,6,465.84,77.64
CAMP_031,2023-09-05,13,2670.57,205.43
CAMP_031,2023-09-06,9,1352.3,150.26
CAMP_031,2023-09-07,2,438.36,219.18
CAMP_031,2023-09-08,8,469.67,58.71
CAMP_031,2023-09-09,4,438.67,109.67
CAMP_031,2023-09-10,4,700.63,175.16
CAMP_031,2023-09-11,2,434.46,217.23
CAMP_031,2023-09-12,13,2801.11,215.47
CAMP_031,2023-09-13,7,817.48,116.78
CAMP_031,2023-09-14,2,400.78,200.39
CAMP_031,2023-09-15,7,1448.76,206.97
CAMP_031,2023-09-16,3,566.93,188.98
CAMP_031,2023-09-17,12,1099.02,91.58
CAMP_031,2023-09-18,2,469.68,234.84
CAMP_031,2023-09-19,14,2832.62,202.33
CAMP_031,2023-09-20,9,949.8,105.53
CAMP_031,2023-09-21,0,0.0,0.0
CAMP_031,2023-09-22,9,940.28,104.48
CAMP_031,2023-09-23,9,1285.65,142.85
CAMP_031,2023-09-24,1,215.75,215.75
CAMP_031,2023-09-25,5,563.26,112.65
CAMP_031,2023-09-26,5,1001.24,200.25
CAMP_031,2023-09-27,7,1110.74,158.68
CAMP_031,2023-09-28,7,984.99,140.71
CAMP_031,2023-09-29,8,1667.2,208.4
CAMP_032,2023-01-02,15,1208.9,80.59
CAMP_032,2023-01-03,0,0.0,0.0
CAMP_032,2023-01-04,0,0.0,0.0
CAMP_032,2023-01-05,0,0.0,0.0
CAMP_032,2023-01-06,5,533.57,106.71
CAMP_032,2023-01-07,5,1215.25,243.05
CAMP_032,2023-01-08,7,1091.3,155.9
CAMP_032,2023-01-09,1,234.43,234.43
CAMP_032,2023-01-10,20,3851.88,192.59
CAMP_032,2023-01-11,8,1250.56,156.32
CAMP_032,2023-01-12,5,374.98,75.0
CAMP_032,2023-01-13,12,2863.95,238.66
CAMP_032,2023-01-14,7,1433.17,204.74
CAMP_032,2023-01-15,7,793.31,113.33
CAMP_032,2023-01-16,11,2397.73,217.98
CAMP_032,2023-01-17,6,701.62,116.94
CAMP_032,2023-01-18,6,893.05,148.84
CAMP_032,2023-01-19,12,729.29,60.77
CAMP_032,2023-01-20,11,1971.78,179.25
CAMP_032,2023-01-21,7,971.51,138.79
CAMP_032,2023-01-22,8,340.29,42.54
CAMP_033,2023-09-25,8,875.25,109.41
CAMP_033,2023-09-26,5,755.77,151.15
CAMP_033,2023-09-27,5,415.19,83.04
CAMP_033,2023-09-28,7,1122.2,160.31
CAMP_033,2023-09-29,7,1605.51,229.36
CAMP_033,2023-09-30,10,1251.31,125.13
CAMP_033,2023-10-01,12,2105.41,175.45
CAMP_033,2023-10-02,1,220.63,220.63
CAMP_033,2023-10-03,2,238.99,119.5
CAMP_033,2023-10-04,6,1215.41,202.57
CAMP_033,2023-10-05,5,352.72,70.54
CAMP_033,2023-10-06,4,524.29,131.07
CAMP_033,2023-10-07,5,394.25,78.85
CAMP_033,2023-10-08,8,1088.51,136.06
CAMP_033,2023-10-09,2,214.96,107.48
CAMP_033,2023-10-10,4,740.59,185.15
CAMP_033,2023-10-11,2,362.48,181.24
CAMP_033,2023-10-12,8,1441.13,180.14
CAMP_033,2023-10-13,12,2773.04,231.09
CAMP_033,2023-10-14,1,144.96,144.96
CAMP_033,2023-10-15,5,489.5,97.9
CAMP_033,2023-10-16,8,344.76,43.09
CAMP_033,2023-10-17,8,373.52,46.69
CAMP_033,2023-10-18,1,173.53,173.53
CAMP_033,2023-10-19,9,604.32,67.15
CAMP_033,2023-10-20,9,1349.95,149.99
CAMP_033,2023-10-21,6,1058.88,176.48
CAMP_033,2023-10-22,11,1460.99,132.82
CAMP_033,2023-10-23,4,527.99,132.0
CAMP_033,2023-10-24,10,1849.86,184.99
CAMP_033,2023-10-25,7,308.27,44.04
CAMP_033,2023-10-26,2,259.12,129.56
CAMP_033,2023-10-27,2,495.15,247.57
CAMP_034,2023-04-16,2,414.08,207.04
CAMP_034,2023-04-17,18,1997.95,111.0
CAMP_034,2023-04-18,10,2114.16,211.42
CAMP_034,2023-04-19,1,119.86,119.86
CAMP_034,2023-04-20,10,1280.53,128.05
CAMP_034,2023-04-21,7,1200.19,171.46
CAMP_034,2023-04-22,11,2649.91,240.9
CAMP_034,2023-04-23,8,527.67,65.96
CAMP_034,2023-04-24,1,195.32,195.32
CAMP_034,2023-04-25,11,534.38,48.58
CAMP_034,2023-04-26,3,147.93,49.31
CAMP_034,2023-04-27,7,1557.75,222.54
CAMP_034,2023-04-28,13,1349.39,103.8
CAMP_034,2023-04-29,13,1146.6,88.2
CAMP_034,2023-04-30,11,2131.6,193.78
CAMP_034,2023-05-01,3,360.02,120.01
CAMP_034,2023-05-02,10,2150.14,215.01
CAMP_034,2023-05-03,7,951.77,135.97
CAMP_034,2023-05-04,1,90.28,90.28
CAMP_034,2023-05-05,8,880.93,110.12
CAMP_034,2023-05-06,7,1027.25,146.75
CAMP_034,2023-05-07,4,236.95,59.24
CAMP_034,2023-05-08,14,2687.51,191.97
CAMP_034,2023-05-09,8,1224.86,153.11
CAMP_034,2023-05-10,6,503.06,83.84
CAMP_034,2023-05-11,1,214.84,214.84
CAMP_034,2023-05-12,10,1732.7,173.27
CAMP_034,2023-05-13,4,924.52,231.13
CAMP_034,2023-05-14,6,1101.23,183.54
CAMP_034,2023-05-15,1,114.28,114.28
CAMP_035,2023-09-29,2,303.78,151.89
CAMP_035,2023-09-30,0,0.0,0.0
CAMP_035,2023-10-01,6,350.67,58.45
CAMP_035,2023-10-02,0,0.0,0.0
CAMP_035,2023-10-03,4,726.97,181.74
CAMP_035,2023-10-04,2,207.51,103.75
CAMP_035,2023-10-05,2,299.07,149.53
CAMP_035,2023-10-06,3,681.03,227.01
CAMP_035,2023-10-07,9,1578.0,175.33
CAMP_035,2023-10-08,6,1343.51,223.92
CAMP_035,2023-10-09,11,756.55,68.78
CAMP_035,2023-10-10,1,51.37,51.37
CAMP_035,2023-10-11,2,353.9,176.95
CAMP_035,2023-10-12,8,893.2,111.65
CAMP_035,2023-10-13,3,306.76,102.25
CAMP_035,2023-10-14,1,58.98,58.98
CAMP_035,2023-10-15,7,1603.9,229.13
CAMP_035,2023-10-16,0,0.0,0.0
CAMP_035,2023-10-17,3,199.61,66.54
CAMP_035,2023-10-18,2,309.42,154.71
CAMP_035,2023-10-19,2,439.65,219.82
CAMP_035,2023-10-20,6,1167.02,194.5
CAMP_035,2023-10-21,4,830.07,207.52
CAMP_035,2023-10-22,5,452.1,90.42
CAMP_035,2023-10-23,8,584.14,73.02
CAMP_035,2023-10-24,11,2395.52,217.77
CAMP_035,2023-10-25,1,147.6,147.6
CAMP_035,2023-10-26,3,501.03,167.01
CAMP_035,2023-10-27,1,164.17,164.17
CAMP_035,2023-10-28,9,1462.51,162.5
CAMP_035,2023-10-29,2,95.09,47.55
CAMP_035,2023-10-30,1,159.85,159.85
CAMP_035,2023-10-31,5,460.29,92.06
CAMP_035,2023-11-01,6,1156.6,192.77
CAMP_035,2023-11-02,0,0.0,0.0
CAMP_035,2023-11-03,2,180.84,90.42
CAMP_035,2023-11-04,5,1175.52,235.1
CAMP_035,2023-11-05,10,2349.29,234.93
CAMP_035,2023-11-06,1,121.8,121.8
CAMP_035,2023-11-07,2,139.84,69.92
CAMP_035,2023-11-08,4,492.55,123.14
CAMP_035,2023-11-09,10,703.34,70.33
CAMP_035,2023-11-10,3,226.67,75.56
CAMP_035,2023-11-11,0,0.0,0.0
CAMP_035,2023-11-12,8,1686.84,210.85
CAMP_035,2023-11-13,3,659.32,219.77
CAMP_035,2023-11-14,1,164.35,164.35
CAMP_035,2023-11-15,3,658.3,219.43
CAMP_035,2023-11-16,0,0.0,0.0
CAMP_035,2023-11-17,3,425.83,141.94
CAMP_035,2023-11-18,2,229.76,114.88
CAMP_035,2023-11-19,0,0.0,0.0
CAMP_035,2023-11-20,5,476.01,95.2
CAMP_035,2023-11-21,3,267.61,89.2
CAMP_036,2023-01-11,12,1280.8,106.73
CAMP_036,2023-01-12,9,2231.03,247.89
CAMP_036,2023-01-13,2,328.27,164.13
CAMP_036,2023-01-14,8,1686.46,210.81
CAMP_036,2023-01-15,16,1084.67,67.79
CAMP_036,2023-01-16,18,3859.09,214.39
CAMP_036,2023-01-17,2,327.12,163.56
CAMP_036,2023-01-18,4,260.35,65.09
CAMP_036,2023-01-19,14,592.4,42.31
CAMP_036,2023-01-20,18,2944.55,163.59
CAMP_036,2023-01-21,6,1137.64,189.61
CAMP_036,2023-01-22,15,2153.27,143.55
CAMP_036,2023-01-23,0,0.0,0.0
CAMP_036,2023-01-24,5,515.93,103.19
CAMP_036,2023-01-25,7,962.4,137.49
CAMP_036,2023-01-26,7,1351.16,193.02
CAMP_036,2023-01-27,6,392.14,65.36
CAMP_036,2023-01-28,6,1302.9,217.15
CAMP_036,2023-01-29,0,0.0,0.0
CAMP_036,2023-01-30,9,1383.35,153.71
CAMP_037,2023-01-30,10,2386.7,238.67
CAMP_037,2023-01-31,1,237.58,237.58
CAMP_037,2023-02-01,15,1773.98,118.27
CAMP_037,2023-02-02,5,481.24,96.25
CAMP_037,2023-02-03,2,474.25,237.12
CAMP_037,2023-02-04,3,124.51,41.5
CAMP_037,2023-02-05,2,323.64,161.82
CAMP_037,2023-02-06,16,3487.38,217.96
CAMP_037,2023-02-07,9,2145.78,238.42
CAMP_037,2023-02-08,1,124.22,124.22
CAMP_037,2023-02-09,1,77.49,77.49
CAMP_037,2023-02-10,9,885.14,98.35
CAMP_037,2023-02-11,10,2337.89,233.79
CAMP_037,2023-02-12,7,858.61,122.66
CAMP_037,2023-02-13,1,180.13,180.13
CAMP_037,2023-02-14,0,0.0,0.0
CAMP_037,2023-02-15,2,95.07,47.53
CAMP_037,2023-02-16,5,914.55,182.91
CAMP_037,2023-02-17,10,2018.21,201.82
CAMP_037,2023-02-18,3,383.04,127.68
CAMP_037,2023-02-19,2,487.84,243.92
CAMP_037,2023-02-20,4,261.89,65.47
CAMP_037,2023-02-21,7,830.1,118.59
CAMP_037,2023-02-22,7,587.92,83.99
CAMP_037,2023-02-23,6,1378.03,229.67
CAMP_037,2023-02-24,6,1125.67,187.61
CAMP_037,2023-02-25,7,1410.73,201.53
CAMP_037,2023-02-26,7,1227.85,175.41
CAMP_037,2023-02-27,10,1943.52,194.35
CAMP_037,2023-02-28,2,279.69,139.84
CAMP_037,2023-03-01,13,2656.23,204.33
CAMP_037,2023-03-02,4,315.91,78.98
CAMP_037,2023-03-03,7,1049.9,149.99
CAMP_037,2023-03-04,1,199.19,199.19
CAMP_037,2023-03-05,0,0.0,0.0
CAMP_037,2023-03-06,15,2491.58,166.11
CAMP_037,2023-03-07,6,881.26,146.88
CAMP_037,2023-03-08,1,83.86,83.86
CAMP_037,2023-03-09,5,859.69,171.94
CAMP_037,2023-03-10,2,114.32,57.16
CAMP_038,2023-10-22,6,297.35,49.56
CAMP_038,2023-10-23,9,823.27,91.47
CAMP_038,2023-10-24,4,412.85,103.21
CAMP_038,2023-10-25,1,240.19,240.19
CAMP_038,2023-10-26,4,849.21,212.3
CAMP_038,2023-10-27,1,145.24,145.24
CAMP_038,2023-10-28,10,1882.86,188.29
CAMP_038,2023-10-29,8,420.27,52.53
CAMP_038,2023-10-30,10,1488.38,148.84
CAMP_038,2023-10-31,0,0.0,0.0
CAMP_038,2023-11-01,1,88.15,88.15
CAMP_038,2023-11-02,11,1554.68,141.33
CAMP_038,2023-11-03,6,1145.82,190.97
CAMP_038,2023-11-04,3,612.02,204.01
CAMP_038,2023-11-05,11,2725.89,247.81
CAMP_038,2023-11-06,10,2312.87,231.29
CAMP_038,2023-11-07,10,581.58,58.16
CAMP_038,2023-11-08,6,1261.48,210.25
CAMP_038,2023-11-09,2,160.92,80.46
CAMP_038,2023-11-10,10,1175.18,117.52
CAMP_038,2023-11-11,2,412.51,206.25
CAMP_038,2023-11-12,6,658.72,109.79
CAMP_038,2023-11-13,19,2627.11,138.27
CAMP_038,2023-11-14,0,0.0,0.0
CAMP_038,2023-11-15,14,929.55,66.4
CAMP_038,2023-11-16,1,155.29,155.29
CAMP_038,2023-11-17,14,872.94,62.35
CAMP_038,2023-11-18,2,436.02,218.01
CAMP_038,2023-11-19,3,336.74,112.25
CAMP_038,2023-11-20,2,246.55,123.28
CAMP_038,2023-11-21,6,659.0,109.83
CAMP_038,2023-11-22,1,102.89,102.89
CAMP_039,2023-03-30,1,175.61,175.61
CAMP_039,2023-03-31,6,703.44,117.24
CAMP_039,2023-04-01,2,305.63,152.81
CAMP_039,2023-04-02,1,118.21,118.21
CAMP_039,2023-04-03,3,370.34,123.45
CAMP_039,2023-04-04,4,210.26,52.56
CAMP_039,2023-04-05,1,151.08,151.08
CAMP_039,2023-04-06,3,134.53,44.84
CAMP_039,2023-04-07,0,0.0,0.0
CAMP_039,2023-04-08,6,355.74,59.29
CAMP_039,2023-04-09,1,60.01,60.01
CAMP_039,2023-04-10,11,1695.39,154.13
CAMP_039,2023-04-11,1,101.82,101.82
CAMP_039,2023-04-12,0,0.0,0.0
CAMP_039,2023-04-13,5,813.02,162.6
CAMP_039,2023-04-14,4,836.8,209.2
CAMP_039,2023-04-15,3,251.21,83.74
CAMP_039,2023-04-16,2,451.88,225.94
CAMP_039,2023-04-17,2,211.39,105.69
CAMP_039,2023-04-18,8,928.14,116.02
CAMP_039,2023-04-19,7,641.98,91.71
CAMP_039,2023-04-20,7,1080.1,154.3
CAMP_039,2023-04-21,11,477.85,43.44
CAMP_039,2023-04-22,4,993.44,248.36
CAMP_039,2023-04-23,9,679.27,75.47
CAMP_039,2023-04-24,8,1994.68,249.34
CAMP_039,2023-04-25,0,0.0,0.0
CAMP_039,2023-04-26,10,932.81,93.28
CAMP_039,2023-04-27,11,2565.83,233.26
CAMP_039,2023-04-28,4,842.73,210.68
CAMP_040,2023-08-17,3,180.53,60.18
CAMP_040,2023-08-18,12,775.29,64.61
CAMP_040,2023-08-19,11,1292.51,117.5
CAMP_040,2023-08-20,1,231.98,231.98
CAMP_040,2023-08-21,5,1225.79,245.16
CAMP_040,2023-08-22,7,1426.28,203.75
CAMP_040,2023-08-23,1,213.41,213.41
CAMP_040,2023-08-24,10,552.01,55.2
CAMP_040,2023-08-25,6,804.56,134.09
CAMP_040,2023-08-26,1,172.67,172.67
CAMP_040,2023-08-27,9,1342.02,149.11
CAMP_040,2023-08-28,9,603.96,67.11
CAMP_040,2023-08-29,2,269.99,135.0
CAMP_040,2023-08-30,0,0.0,0.0
CAMP_040,2023-08-31,3,526.66,175.55
CAMP_040,2023-09-01,8,1042.06,130.26
CAMP_040,2023-09-02,6,804.69,134.12
CAMP_040,2023-09-03,2,472.34,236.17
CAMP_040,2023-09-04,12,1124.58,93.71
CAMP_040,2023-09-05,13,1527.73,117.52
CAMP_040,2023-09-06,9,1216.92,135.21
CAMP_040,2023-09-07,11,1302.06,118.37
CAMP_040,2023-09-08,3,701.95,233.98
CAMP_040,2023-09-09,6,893.04,148.84
CAMP_040,2023-09-10,4,636.57,159.14
CAMP_040,2023-09-11,5,566.35,113.27
CAMP_040,2023-09-12,6,438.2,73.03
CAMP_040,2023-09-13,3,534.45,178.15
CAMP_040,2023-09-14,2,298.89,149.44
CAMP_040,2023-09-15,12,2709.87,225.82
CAMP_040,2023-09-16,1,199.03,199.03
CAMP_040,2023-09-17,1,247.84,247.84
CAMP_040,2023-09-18,3,223.58,74.53
CAMP_040,2023-09-19,9,1396.93,155.21
CAMP_040,2023-09-20,6,781.37,130.23
CAMP_040,2023-09-21,2,111.31,55.66
CAMP_040,2023-09-22,2,434.29,217.15
CAMP_040,2023-09-23,7,867.29,123.9
CAMP_040,2023-09-24,12,2568.95,214.08
CAMP_040,2023-09-25,1,146.55,146.55
CAMP_040,2023-09-26,7,1715.49,245.07
CAMP_040,2023-09-27,8,576.12,72.02
CAMP_040,2023-09-28,9,2034.37,226.04
CAMP_040,2023-09-29,9,2181.59,242.4
CAMP_040,2023-09-30,14,749.37,53.53
CAMP_040,2023-10-01,2,424.59,212.29
CAMP_040,2023-10-02,3,723.6,241.2
CAMP_040,2023-10-03,0,0.0,0.0
CAMP_040,2023-10-04,7,1196.04,170.86
CAMP_040,2023-10-05,0,0.0,0.0
CAMP_040,2023-10-06,12,1363.25,113.6
CAMP_040,2023-10-07,1,61.03,61.03
CAMP_040,2023-10-08,2,378.36,189.18
CAMP_040,2023-10-09,7,1445.14,206.45
CAMP_040,2023-10-10,4,664.82,166.21
CAMP_040,2023-10-11,0,0.0,0.0
CAMP_040,2023-10-12,4,611.59,152.9
CAMP_040,2023-10-13,14,3117.29,222.66
CAMP_041,2023-04-02,10,754.7,75.47
CAMP_041,2023-04-03,1,94.91,94.91
CAMP_041,2023-04-04,4,715.68,178.92
CAMP_041,2023-04-05,6,594.7,99.12
CAMP_041,2023-04-06,4,335.57,83.89
CAMP_041,2023-04-07,8,1195.76,149.47
CAMP_041,2023-04-08,1,215.96,215.96
CAMP_041,2023-04-09,2,224.97,112.48
CAMP_041,2023-04-10,9,1708.57,189.84
CAMP_041,2023-04-11,3,748.65,249.55
CAMP_041,2023-04-12,0,0.0,0.0
CAMP_041,2023-04-13,4,941.42,235.35
CAMP_041,2023-04-14,7,1072.77,153.25
CAMP_041,2023-04-15,7,1725.15,246.45
CAMP_041,2023-04-16,0,0.0,0.0
CAMP_041,2023-04-17,3,733.71,244.57
CAMP_041,2023-04-18,8,514.95,64.37
CAMP_041,2023-04-19,1,187.57,187.57
CAMP_041,2023-04-20,0,0.0,0.0
CAMP_041,2023-04-21,4,307.54,76.89
CAMP_041,2023-04-22,2,237.94,118.97
CAMP_041,2023-04-23,2,325.69,162.84
CAMP_041,2023-04-24,8,1380.04,172.5
CAMP_041,2023-04-25,12,2631.69,219.31
CAMP_041,2023-04-26,6,943.42,157.24
CAMP_041,2023-04-27,3,296.83,98.94
CAMP_041,2023-04-28,2,438.8,219.4
CAMP_041,2023-04-29,6,414.73,69.12
CAMP_041,2023-04-30,7,1485.38,212.2
CAMP_041,2023-05-01,7,1434.2,204.89
CAMP_041,2023-05-02,4,169.62,42.41
CAMP_041,2023-05-03,1,67.35,67.35
CAMP_041,2023-05-04,1,52.62,52.62
CAMP_041,2023-05-05,6,588.62,98.1
CAMP_041,2023-05-06,10,487.56,48.76
CAMP_041,2023-05-07,4,568.64,142.16
CAMP_041,2023-05-08,9,1081.35,120.15
CAMP_042,2023-10-21,2,137.56,68.78
CAMP_042,2023-10-22,10,1085.85,108.58
CAMP_042,2023-10-23,9,954.6,106.07
CAMP_042,2023-10-24,3,548.56,182.85
CAMP_042,2023-10-25,4,470.81,117.7
CAMP_042,2023-10-26,9,421.79,46.87
CAMP_042,2023-10-27,2,336.44,168.22
CAMP_042,2023-10-28,10,2182.79,218.28
CAMP_042,2023-10-29,2,266.0,133.0
CAMP_042,2023-10-30,5,202.72,40.54
CAMP_042,2023-10-31,8,1933.24,241.66
CAMP_042,2023-11-01,11,1856.21,168.75
CAMP_042,2023-11-02,5,1111.26,222.25
CAMP_042,2023-11-03,7,395.91,56.56
CAMP_042,2023-11-04,11,2744.78,249.53
CAMP_042,2023-11-05,7,1178.81,168.4
CAMP_042,2023-11-06,16,3260.62,203.79
CAMP_042,2023-11-07,17,3582.92,210.76
CAMP_042,2023-11-08,10,1800.22,180.02
CAMP_042,2023-11-09,8,1021.26,127.66
CAMP_042,2023-11-10,3,289.04,96.35
CAMP_042,2023-11-11,5,1073.31,214.66
CAMP_042,2023-11-12,13,1618.15,124.47
CAMP_042,2023-11-13,4,987.61,246.9
CAMP_042,2023-11-14,12,633.55,52.8
CAMP_042,2023-11-15,2,346.28,173.14
CAMP_042,2023-11-16,12,2715.95,226.33
CAMP_042,2023-11-17,9,1024.59,113.84
CAMP_042,2023-11-18,12,708.43,59.04
CAMP_042,2023-11-19,9,676.13,75.13
CAMP_042,2023-11-20,6,1256.29,209.38
CAMP_042,2023-11-21,9,1422.57,158.06
CAMP_042,2023-11-22,16,2759.82,172.49
CAMP_042,2023-11-23,5,325.65,65.13
CAMP_042,2023-11-24,5,686.54,137.31
CAMP_042,2023-11-25,3,167.9,55.97
CAMP_042,2023-11-26,11,1127.98,102.54
CAMP_042,2023-11-27,3,303.65,101.22
CAMP_042,2023-11-28,5,765.9,153.18
CAMP_042,2023-11-29,13,1697.51,130.58
CAMP_042,2023-11-30,11,835.01,75.91
CAMP_042,2023-12-01,6,1335.7,222.62
CAMP_042,2023-12-02,14,3056.03,218.29
CAMP_042,2023-12-03,12,1722.43,143.54
CAMP_042,2023-12-04,5,430.2,86.04
CAMP_042,2023-12-05,2,206.61,103.31
CAMP_042,2023-12-06,7,847.12,121.02
CAMP_042,2023-12-07,14,1651.29,117.95
CAMP_042,2023-12-08,9,1980.43,220.05
CAMP_042,2023-12-09,3,333.85,111.28
CAMP_042,2023-12-10,19,1000.15,52.64
CAMP_042,2023-12-11,10,1386.4,138.64
CAMP_042,2023-12-12,10,1482.91,148.29
CAMP_042,2023-12-13,6,1358.51,226.42
CAMP_042,2023-12-14,7,1333.18,190.45
CAMP_042,2023-12-15,2,182.0,91.0
CAMP_042,2023-12-16,2,266.24,133.12
CAMP_042,2023-12-17,26,4287.05,164.89
CAMP_043,2023-09-01,2,447.39,223.69
CAMP_043,2023-09-02,5,448.63,89.73
CAMP_043,2023-09-03,0,0.0,0.0
CAMP_043,2023-09-04,6,1187.08,197.85
CAMP_043,2023-09-05,2,356.8,178.4
CAMP_043,2023-09-06,5,490.83,98.17
CAMP_043,2023-09-07,3,217.94,72.65
CAMP_043,2023-09-08,5,318.23,63.65
CAMP_043,2023-09-09,1,183.16,183.16
CAMP_043,2023-09-10,0,0.0,0.0
CAMP_043,2023-09-11,1,133.61,133.61
CAMP_043,2023-09-12,2,106.45,53.23
CAMP_043,2023-09-13,6,663.23,110.54
CAMP_043,2023-09-14,11,1178.31,107.12
CAMP_043,2023-09-15,1,168.45,168.45
CAMP_043,2023-09-16,8,1174.53,146.82
CAMP_043,2023-09-17,6,540.57,90.1
CAMP_043,2023-09-18,0,0.0,0.0
CAMP_043,2023-09-19,5,1226.52,245.3
CAMP_043,2023-09-20,4,672.64,168.16
CAMP_043,2023-09-21,11,1912.2,173.84
CAMP_043,2023-09-22,10,1702.86,170.29
CAMP_043,2023-09-23,8,1323.3,165.41
CAMP_043,2023-09-24,2,296.82,148.41
CAMP_043,2023-09-25,8,1113.86,139.23
CAMP_043,2023-09-26,2,354.27,177.13
CAMP_043,2023-09-27,0,0.0,0.0
CAMP_043,2023-09-28,7,1236.71,176.67
CAMP_043,2023-09-29,4,757.63,189.41
CAMP_043,2023-09-30,10,687.81,68.78
CAMP_043,2023-10-01,5,801.07,160.21
CAMP_043,2023-10-02,3,166.02,55.34
CAMP_043,2023-10-03,5,610.47,122.09
CAMP_043,2023-10-04,2,209.91,104.95
CAMP_043,2023-10-05,6,1169.65,194.94
CAMP_043,2023-10-06,13,1452.07,111.7
CAMP_043,2023-10-07,5,1059.18,211.84
CAMP_043,2023-10-08,6,597.97,99.66
CAMP_043,2023-10-09,9,1293.84,143.76
CAMP_043,2023-10-10,2,201.58,100.79
CAMP_043,2023-10-11,1,195.12,195.12
CAMP_043,2023-10-12,6,1218.39,203.07
CAMP_043,2023-10-13,2,395.86,197.93
CAMP_043,2023-10-14,0,0.0,0.0
CAMP_043,2023-10-15,2,416.95,208.47
CAMP_043,2023-10-16,2,173.41,86.7
CAMP_043,2023-10-17,0,0.0,0.0
CAMP_043,2023-10-18,1,150.68,150.68
CAMP_043,2023-10-19,6,949.11,158.19
CAMP_043,2023-10-20,8,1998.51,249.81
CAMP_043,2023-10-21,8,1783.68,222.96
CAMP_043,2023-10-22,6,544.55,90.76
CAMP_043,2023-10-23,2,426.1,213.05
CAMP_043,2023-10-24,2,402.7,201.35
CAMP_043,2023-10-25,2,138.91,69.45
CAMP_043,2023-10-26,2,164.47,82.23
CAMP_044,2023-08-24,9,745.81,82.87
CAMP_044,2023-08-25,14,2168.21,154.87
CAMP_044,2023-08-26,5,690.95,138.19
CAMP_044,2023-08-27,6,494.34,82.39
CAMP_044,2023-08-28,8,1317.99,164.75
CAMP_044,2023-08-29,11,1140.56,103.69
CAMP_044,2023-08-30,6,859.16,143.19
CAMP_044,2023-08-31,11,2442.44,222.04
CAMP_044,2023-09-01,10,2227.61,222.76
CAMP_044,2023-09-02,10,1570.1,157.01
CAMP_044,2023-09-03,10,1551.37,155.14
CAMP_044,2023-09-04,4,288.94,72.23
CAMP_044,2023-09-05,6,583.3,97.22
CAMP_044,2023-09-06,10,1828.02,182.8
CAMP_044,2023-09-07,13,1742.13,134.01
CAMP_044,2023-09-08,11,941.62,85.6
CAMP_044,2023-09-09,15,1977.09,131.81
CAMP_044,2023-09-10,10,1405.85,140.58
CAMP_044,2023-09-11,0,0.0,0.0
CAMP_044,2023-09-12,2,387.59,193.79
CAMP_044,2023-09-13,9,1101.43,122.38
CAMP_044,2023-09-14,1,43.96,43.96
CAMP_044,2023-09-15,2,252.85,126.42
CAMP_044,2023-09-16,4,762.34,190.59
CAMP_044,2023-09-17,4,631.35,157.84
CAMP_044,2023-09-18,16,3215.19,200.95
CAMP_044,2023-09-19,14,3295.88,235.42
CAMP_044,2023-09-20,9,1614.09,179.34
CAMP_044,2023-09-21,11,1758.96,159.91
CAMP_044,2023-09-22,6,1061.51,176.92
CAMP_044,2023-09-23,6,829.26,138.21
CAMP_044,2023-09-24,6,1194.65,199.11
CAMP_044,2023-09-25,10,653.42,65.34
CAMP_044,2023-09-26,3,571.13,190.38
CAMP_044,2023-09-27,8,1741.15,217.64
CAMP_044,2023-09-28,10,406.97,40.7
CAMP_044,2023-09-29,10,1475.7,147.57
CAMP_044,2023-09-30,0,0.0,0.0
CAMP_044,2023-10-01,4,831.6,207.9
CAMP_044,2023-10-02,3,139.66,46.55
CAMP_044,2023-10-03,7,1110.03,158.58
CAMP_044,2023-10-04,5,372.21,74.44
CAMP_044,2023-10-05,17,3148.48,185.2
CAMP_044,2023-10-06,11,2054.0,186.73
CAMP_044,2023-10-07,6,539.15,89.86
CAMP_044,2023-10-08,6,1217.0,202.83
CAMP_044,2023-10-09,7,433.14,61.88
CAMP_045,2023-02-06,9,1297.03,144.11
CAMP_045,2023-02-07,13,2048.27,157.56
CAMP_045,2023-02-08,8,549.24,68.66
CAMP_045,2023-02-09,6,647.49,107.92
CAMP_045,2023-02-10,15,2354.29,156.95
CAMP_045,2023-02-11,18,3914.18,217.45
CAMP_045,2023-02-12,5,305.17,61.03
CAMP_045,2023-02-13,9,758.46,84.27
CAMP_045,2023-02-14,7,412.18,58.88
CAMP_045,2023-02-15,7,584.8,83.54
CAMP_045,2023-02-16,15,2422.14,161.48
CAMP_045,2023-02-17,0,0.0,0.0
CAMP_045,2023-02-18,14,2342.87,167.35
CAMP_045,2023-02-19,20,834.24,41.71
CAMP_045,2023-02-20,9,1527.51,169.72
CAMP_045,2023-02-21,4,809.95,202.49
CAMP_045,2023-02-22,11,2159.59,196.33
CAMP_045,2023-02-23,23,3159.7,137.38
CAMP_045,2023-02-24,9,1509.66,167.74
CAMP_045,2023-02-25,11,888.01,80.73
CAMP_045,2023-02-26,17,1659.85,97.64
CAMP_045,2023-02-27,11,2623.4,238.49
CAMP_045,2023-02-28,2,493.32,246.66
CAMP_045,2023-03-01,16,1327.62,82.98
CAMP_045,2023-03-02,2,169.59,84.8
CAMP_045,2023-03-03,12,1248.32,104.03
CAMP_045,2023-03-04,9,2077.36,230.82
CAMP_045,2023-03-05,10,1556.74,155.67
CAMP_045,2023-03-06,1,90.67,90.67
CAMP_045,2023-03-07,3,407.92,135.97
CAMP_045,2023-03-08,4,815.71,203.93
CAMP_045,2023-03-09,6,909.31,151.55
CAMP_045,2023-03-10,15,1050.12,70.01
CAMP_045,2023-03-11,4,641.15,160.29
CAMP_045,2023-03-12,6,573.47,95.58
CAMP_046,2023-05-21,3,270.99,90.33
CAMP_046,2023-05-22,12,1437.24,119.77
CAMP_046,2023-05-23,4,874.11,218.53
CAMP_046,2023-05-24,3,245.08,81.69
CAMP_046,2023-05-25,0,0.0,0.0
CAMP_046,2023-05-26,4,306.03,76.51
CAMP_046,2023-05-27,10,717.52,71.75
CAMP_046,2023-05-28,2,212.68,106.34
CAMP_046,2023-05-29,0,0.0,0.0
CAMP_046,2023-05-30,7,1074.72,153.53
CAMP_046,2023-05-31,2,376.37,188.19
CAMP_046,2023-06-01,5,392.1,78.42
CAMP_046,2023-06-02,7,645.2,92.17
CAMP_046,2023-06-03,8,1989.74,248.72
CAMP_046,2023-06-04,6,834.05,139.01
CAMP_046,2023-06-05,4,691.24,172.81
CAMP_046,2023-06-06,1,202.61,202.61
CAMP_046,2023-06-07,2,337.55,168.78
CAMP_046,2023-06-08,4,507.3,126.83
CAMP_046,2023-06-09,1,167.19,167.19
CAMP_046,2023-06-10,14,3192.31,228.02
CAMP_046,2023-06-11,7,434.41,62.06
CAMP_046,2023-06-12,0,0.0,0.0
CAMP_046,2023-06-13,7,973.57,139.08
CAMP_046,2023-06-14,0,0.0,0.0
CAMP_046,2023-06-15,6,1387.03,231.17
CAMP_046,2023-06-16,1,186.72,186.72
CAMP_046,2023-06-17,3,749.44,249.81
CAMP_046,2023-06-18,6,792.73,132.12
CAMP_046,2023-06-19,8,1320.79,165.1
CAMP_046,2023-06-20,0,0.0,0.0
CAMP_046,2023-06-21,9,404.78,44.98
CAMP_046,2023-06-22,6,1109.49,184.91
CAMP_046,2023-06-23,2,206.17,103.08
CAMP_046,2023-06-24,6,488.84,81.47
CAMP_046,2023-06-25,10,701.88,70.19
CAMP_046,2023-06-26,14,3333.13,238.08
CAMP_046,2023-06-27,11,2620.53,238.23
CAMP_046,2023-06-28,7,487.87,69.7
CAMP_046,2023-06-29,7,366.31,52.33
CAMP_046,2023-06-30,4,733.47,183.37
CAMP_046,2023-07-01,0,0.0,0.0
CAMP_046,2023-07-02,4,947.3,236.82
CAMP_046,2023-07-03,10,911.28,91.13
CAMP_046,2023-07-04,2,190.68,95.34
CAMP_046,2023-07-05,9,958.57,106.51
CAMP_046,2023-07-06,6,1002.19,167.03
CAMP_046,2023-07-07,5,696.49,139.3
CAMP_046,2023-07-08,14,1684.02,120.29
CAMP_046,2023-07-09,1,128.55,128.55
CAMP_046,2023-07-10,5,729.91,145.98
CAMP_046,2023-07-11,6,569.54,94.92
CAMP_046,2023-07-12,9,733.06,81.45
CAMP_046,2023-07-13,4,345.08,86.27
CAMP_047,2023-05-14,14,900.39,64.31
CAMP_047,2023-05-15,3,236.49,78.83
CAMP_047,2023-05-16,8,500.25,62.53
CAMP_047,2023-05-17,7,424.15,60.59
CAMP_047,2023-05-18,6,637.31,106.22
CAMP_047,2023-05-19,14,1361.06,97.22
CAMP_047,2023-05-20,9,1029.52,114.39
CAMP_047,2023-05-21,11,2378.4,216.22
CAMP_047,2023-05-22,0,0.0,0.0
CAMP_047,2023-05-23,8,1921.53,240.19
CAMP_047,2023-05-24,7,496.53,70.93
CAMP_047,2023-05-25,2,142.18,71.09
CAMP_047,2023-05-26,12,1051.96,87.66
CAMP_047,2023-05-27,9,649.02,72.11
CAMP_047,2023-05-28,18,2249.83,124.99
CAMP_047,2023-05-29,17,2345.46,137.97
CAMP_047,2023-05-30,1,240.22,240.22
CAMP_047,2023-05-31,7,1689.57,241.37
CAMP_047,2023-06-01,13,3226.73,248.21
CAMP_047,2023-06-02,2,341.32,170.66
CAMP_047,2023-06-03,7,1432.61,204.66
CAMP_047,2023-06-04,15,3002.24,200.15
CAMP_047,2023-06-05,2,237.71,118.86
CAMP_047,2023-06-06,13,1386.01,106.62
CAMP_048,2023-01-19,0,0.0,0.0
CAMP_048,2023-01-20,2,206.03,103.02
CAMP_048,2023-01-21,3,588.69,196.23
CAMP_048,2023-01-22,3,174.99,58.33
CAMP_048,2023-01-23,0,0.0,0.0
CAMP_048,2023-01-24,2,109.19,54.59
CAMP_048,2023-01-25,0,0.0,0.0
CAMP_048,2023-01-26,0,0.0,0.0
CAMP_048,2023-01-27,0,0.0,0.0
CAMP_048,2023-01-28,3,304.35,101.45
CAMP_048,2023-01-29,2,233.28,116.64
CAMP_048,2023-01-30,1,219.99,219.99
CAMP_048,2023-01-31,1,249.47,249.47
CAMP_048,2023-02-01,3,193.4,64.47
CAMP_048,2023-02-02,0,0.0,0.0
CAMP_048,2023-02-03,1,75.11,75.11
CAMP_048,2023-02-04,0,0.0,0.0
CAMP_049,2023-05-30,8,1412.84,176.6
CAMP_049,2023-05-31,9,773.3,85.92
CAMP_049,2023-06-01,1,219.23,219.23
CAMP_049,2023-06-02,7,1726.99,246.71
CAMP_049,2023-06-03,7,437.13,62.45
CAMP_049,2023-06-04,11,1930.48,175.5
CAMP_049,2023-06-05,8,1331.16,166.4
CAMP_049,2023-06-06,6,896.65,149.44
CAMP_049,2023-06-07,1,64.97,64.97
CAMP_049,2023-06-08,2,366.07,183.03
CAMP_049,2023-06-09,8,1790.5,223.81
CAMP_049,2023-06-10,2,450.28,225.14
CAMP_049,2023-06-11,7,678.55,96.94
CAMP_049,2023-06-12,1,44.56,44.56
CAMP_049,2023-06-13,1,212.49,212.49
CAMP_049,2023-06-14,6,680.74,113.46
CAMP_049,2023-06-15,6,1010.81,168.47
CAMP_049,2023-06-16,14,2380.88,170.06
CAMP_049,2023-06-17,13,3085.25,237.33
CAMP_049,2023-06-18,10,1591.85,159.19
CAMP_049,2023-06-19,1,125.5,125.5
CAMP_049,2023-06-20,5,497.68,99.54
CAMP_049,2023-06-21,5,295.08,59.02
CAMP_049,2023-06-22,1,116.98,116.98
CAMP_050,2023-04-07,2,426.85,213.43
CAMP_050,2023-04-08,2,467.23,233.62
CAMP_050,2023-04-09,10,2127.39,212.74
CAMP_050,2023-04-10,2,193.67,96.83
CAMP_050,2023-04-11,9,811.55,90.17
CAMP_050,2023-04-12,2,291.09,145.54
CAMP_050,2023-04-13,12,2887.04,240.59
CAMP_050,2023-04-14,11,2697.9,245.26
CAMP_050,2023-04-15,8,853.71,106.71
CAMP_050,2023-04-16,2,313.66,156.83
CAMP_050,2023-04-17,5,231.02,46.2
CAMP_050,2023-04-18,0,0.0,0.0
CAMP_050,2023-04-19,4,949.04,237.26
CAMP_050,2023-04-20,0,0.0,0.0
CAMP_050,2023-04-21,10,1399.61,139.96
CAMP_050,2023-04-22,8,501.78,62.72
CAMP_050,2023-04-23,2,157.72,78.86
CAMP_050,2023-04-24,4,182.97,45.74
CAMP_050,2023-04-25,3,304.53,101.51
CAMP_050,2023-04-26,8,715.5,89.44
CAMP_050,2023-04-27,9,1380.2,153.36
