campaign_id,date,impressions,clicks,spend_usd
CAMP_001,2023-04-02,2207,21,153.27
CAMP_001,2023-04-03,6180,99,188.24
CAMP_001,2023-04-04,5385,58,397.83
CAMP_001,2023-04-05,7153,100,261.62
CAMP_001,2023-04-06,6549,62,183.89
CAMP_001,2023-04-07,7478,73,252.52
CAMP_001,2023-04-08,6890,84,306.62
CAMP_001,2023-04-09,6737,84,97.59
CAMP_001,2023-04-10,1921,18,106.86
CAMP_001,2023-04-11,1508,4,62.52
CAMP_001,2023-04-12,5000,47,294.79
CAMP_001,2023-04-13,2164,26,183.98
CAMP_001,2023-04-14,7208,72,321.41
CAMP_001,2023-04-15,5837,66,280.27
CAMP_001,2023-04-16,5806,62,110.99
CAMP_001,2023-04-17,7133,40,69.99
CAMP_001,2023-04-18,3604,45,356.43
CAMP_001,2023-04-19,4372,36,121.17
CAMP_001,2023-04-20,2271,19,329.71
CAMP_001,2023-04-21,2000,23,237.98
CAMP_001,2023-04-22,5070,39,326.62
CAMP_001,2023-04-23,902,9,137.49
CAMP_001,2023-04-24,6387,47,350.31
CAMP_001,2023-04-25,7212,68,350.91
CAMP_001,2023-04-26,2728,24,264.55
CAMP_001,2023-04-27,6804,58,350.18
CAMP_001,2023-04-28,7961,60,387.05
CAMP_001,2023-04-29,7979,78,359.39
CAMP_002,2023-07-16,7971,495,687.42
CAMP_002,2023-07-17,2163,165,604.18
CAMP_002,2023-07-18,3856,191,231.14
CAMP_002,2023-07-19,5627,342,82.65
CAMP_002,2023-07-20,4048,403,64.59
CAMP_002,2023-07-21,2101,140,145.04
CAMP_002,2023-07-22,892,61,680.73
CAMP_002,2023-07-23,7432,503,448.07
CAMP_002,2023-07-24,3176,93,138.5
CAMP_002,2023-07-25,4302,239,623.93
CAMP_002,2023-07-26,1130,24,303.26
CAMP_002,2023-07-27,5768,435,539.4
CAMP_002,2023-07-28,7735,700,289.51
CAMP_002,2023-07-29,3478,175,626.7
CAMP_002,2023-07-30,1083,99,319.67
CAMP_002,2023-07-31,3017,120,486.93
CAMP_002,2023-08-01,5289,203,157.93
CAMP_002,2023-08-02,6324,442,63.27
CAMP_002,2023-08-03,7870,356,722.16
CAMP_002,2023-08-04,6853,349,336.06
CAMP_002,2023-08-05,4996,397,562.35
CAMP_002,2023-08-06,7146,303,213.12
CAMP_002,2023-08-07,5093,279,340.88
CAMP_002,2023-08-08,1247,72,201.9
CAMP_002,2023-08-09,6106,407,236.01
CAMP_002,2023-08-10,7710,564,456.08
CAMP_002,2023-08-11,4361,253,53.09
CAMP_002,2023-08-12,1035,39,649.73
CAMP_002,2023-08-13,1879,146,694.77
CAMP_002,2023-08-14,2272,253,500.52
CAMP_002,2023-08-15,1301,97,758.23
CAMP_002,2023-08-16,2885,202,181.19
CAMP_002,2023-08-17,7060,375,358.31
CAMP_002,2023-08-18,826,45,717.75
CAMP_002,2023-08-19,1091,38,410.11
CAMP_002,2023-08-20,4455,316,103.0
CAMP_002,2023-08-21,5618,323,217.04
CAMP_002,2023-08-22,4360,362,144.57
CAMP_002,2023-08-23,5815,240,115.15
CAMP_002,2023-08-24,4912,415,164.47
CAMP_002,2023-08-25,6809,370,460.16
CAMP_002,2023-08-26,2507,122,562.25
CAMP_002,2023-08-27,1622,83,362.4
CAMP_002,2023-08-28,2452,120,698.82
CAMP_002,2023-08-29,2221,49,146.38
CAMP_002,2023-08-30,6846,489,692.51
CAMP_002,2023-08-31,2212,163,652.05
CAMP_003,2023-09-08,2901,200,196.54
CAMP_003,2023-09-09,5025,304,636.93
CAMP_003,2023-09-10,4932,295,850.68
CAMP_003,2023-09-11,7767,192,524.27
CAMP_003,2023-09-12,2722,143,259.98
CAMP_003,2023-09-13,2657,87,649.89
CAMP_003,2023-09-14,4248,194,395.24
CAMP_003,2023-09-15,5399,383,113.28
CAMP_003,2023-09-16,2852,143,332.91
CAMP_003,2023-09-17,5425,58,341.77
CAMP_003,2023-09-18,2349,82,134.72
CAMP_003,2023-09-19,5943,246,75.84
CAMP_003,2023-09-20,1113,51,431.32
CAMP_003,2023-09-21,3382,216,215.56
CAMP_003,2023-09-22,1209,75,628.89
CAMP_003,2023-09-23,2316,144,284.18
CAMP_003,2023-09-24,6303,337,272.56
CAMP_003,2023-09-25,5528,251,513.01
CAMP_003,2023-09-26,2407,107,683.58
CAMP_003,2023-09-27,1734,97,189.08
CAMP_003,2023-09-28,3988,255,174.23
CAMP_003,2023-09-29,3299,241,513.48
CAMP_003,2023-09-30,2422,124,444.97
CAMP_003,2023-10-01,1022,55,359.9
CAMP_003,2023-10-02,1956,141,581.06
CAMP_003,2023-10-03,7638,257,801.85
CAMP_004,2023-07-11,947,59,372.01
CAMP_004,2023-07-12,3404,129,848.52
CAMP_004,2023-07-13,2806,207,533.07
CAMP_004,2023-07-14,7188,510,116.46
CAMP_004,2023-07-15,1037,77,207.89
CAMP_004,2023-07-16,2619,191,358.3
CAMP_004,2023-07-17,2896,181,732.48
CAMP_004,2023-07-18,1377,47,628.81
CAMP_004,2023-07-19,4355,250,152.27
CAMP_004,2023-07-20,4370,277,122.66
CAMP_004,2023-07-21,7714,440,922.83
CAMP_004,2023-07-22,3829,184,496.14
CAMP_004,2023-07-23,5373,281,836.17
CAMP_004,2023-07-24,7088,395,551.82
CAMP_004,2023-07-25,6080,210,285.85
CAMP_004,2023-07-26,6633,399,359.48
CAMP_004,2023-07-27,1755,102,295.22
CAMP_004,2023-07-28,2794,134,107.81
CAMP_004,2023-07-29,1072,64,247.16
CAMP_004,2023-07-30,3471,234,607.19
CAMP_004,2023-07-31,3019,104,836.37
CAMP_004,2023-08-01,5890,424,610.74
CAMP_004,2023-08-02,2541,165,446.87
CAMP_004,2023-08-03,4443,289,518.43
CAMP_004,2023-08-04,5730,372,717.38
CAMP_004,2023-08-05,1435,87,747.0
CAMP_004,2023-08-06,1799,89,712.0
CAMP_004,2023-08-07,3112,121,493.47
CAMP_004,2023-08-08,7411,427,681.7
CAMP_004,2023-08-09,4288,222,762.53
CAMP_004,2023-08-10,6981,276,337.96
CAMP_004,2023-08-11,2726,208,592.88
CAMP_004,2023-08-12,5179,324,877.91
CAMP_004,2023-08-13,7900,358,144.98
CAMP_004,2023-08-14,3147,83,407.49
CAMP_004,2023-08-15,2507,93,111.13
CAMP_004,2023-08-16,3091,177,457.2
CAMP_004,2023-08-17,4814,222,353.75
CAMP_005,2023-04-02,5677,205,76.39
CAMP_005,2023-04-03,962,62,64.74
CAMP_005,2023-04-04,1484,84,246.61
CAMP_005,2023-04-05,7865,414,177.11
CAMP_005,2023-04-06,4268,160,323.79
CAMP_005,2023-04-07,6187,408,231.76
CAMP_005,2023-04-08,945,38,56.07
CAMP_005,2023-04-09,7348,412,149.33
CAMP_005,2023-04-10,2468,199,257.01
CAMP_005,2023-04-11,1675,138,53.94
CAMP_005,2023-04-12,4320,249,307.41
CAMP_005,2023-04-13,7998,36,138.93
CAMP_005,2023-04-14,7664,564,91.8
CAMP_005,2023-04-15,7139,308,264.12
CAMP_005,2023-04-16,2251,78,268.76
CAMP_005,2023-04-17,1657,121,146.03
CAMP_005,2023-04-18,2313,61,283.04
CAMP_005,2023-04-19,3963,288,245.86
CAMP_005,2023-04-20,1436,109,133.38
CAMP_005,2023-04-21,5112,352,144.21
CAMP_005,2023-04-22,7753,494,355.87
CAMP_005,2023-04-23,2096,121,283.41
CAMP_005,2023-04-24,6760,346,88.33
CAMP_005,2023-04-25,6932,280,237.52
CAMP_005,2023-04-26,1372,140,127.75
CAMP_005,2023-04-27,4004,208,89.81
CAMP_005,2023-04-28,3181,137,235.3
CAMP_005,2023-04-29,2581,150,312.27
CAMP_005,2023-04-30,7860,553,288.58
CAMP_005,2023-05-01,3311,259,306.82
CAMP_005,2023-05-02,2866,160,205.03
CAMP_005,2023-05-03,5997,339,107.15
CAMP_005,2023-05-04,3120,142,96.2
CAMP_005,2023-05-05,3496,193,208.22
CAMP_005,2023-05-06,7369,556,205.77
CAMP_005,2023-05-07,5827,343,160.07
CAMP_005,2023-05-08,5027,268,71.88
CAMP_005,2023-05-09,5352,337,184.86
CAMP_005,2023-05-10,1984,91,227.6
CAMP_005,2023-05-11,3566,75,274.72
CAMP_005,2023-05-12,6809,348,173.86
CAMP_005,2023-05-13,7299,45,75.53
CAMP_005,2023-05-14,4257,235,77.41
CAMP_005,2023-05-15,4551,306,83.06
CAMP_005,2023-05-16,839,65,110.48
CAMP_005,2023-05-17,1521,105,290.77
CAMP_005,2023-05-18,3247,196,109.42
CAMP_005,2023-05-19,2000,83,276.73
CAMP_005,2023-05-20,6600,265,146.26
CAMP_005,2023-05-21,7568,425,222.04
CAMP_006,2023-08-29,6052,179,174.59
CAMP_006,2023-08-30,5849,166,123.17
CAMP_006,2023-08-31,1005,40,683.39
CAMP_006,2023-09-01,2585,76,245.3
CAMP_006,2023-09-02,3542,64,380.52
CAMP_006,2023-09-03,4429,165,475.48
CAMP_006,2023-09-04,2848,81,364.51
CAMP_006,2023-09-05,5850,270,279.19
CAMP_006,2023-09-06,3651,202,135.74
CAMP_006,2023-09-07,6559,322,263.22
CAMP_006,2023-09-08,5332,241,668.64
CAMP_006,2023-09-09,2696,152,608.04
CAMP_006,2023-09-10,7443,210,574.21
CAMP_006,2023-09-11,5085,168,446.72
CAMP_006,2023-09-12,6684,282,362.33
CAMP_006,2023-09-13,2140,75,445.98
CAMP_006,2023-09-14,5366,223,165.86
CAMP_006,2023-09-15,5042,178,604.19
CAMP_006,2023-09-16,5173,190,251.2
CAMP_006,2023-09-17,934,32,447.39
CAMP_006,2023-09-18,3618,177,150.23
CAMP_006,2023-09-19,4372,165,80.03
CAMP_006,2023-09-20,5173,125,259.6
CAMP_006,2023-09-21,6318,243,416.03
CAMP_006,2023-09-22,7632,249,288.04
CAMP_006,2023-09-23,5334,305,265.72
CAMP_006,2023-09-24,7133,316,501.73
CAMP_006,2023-09-25,6753,373,410.21
CAMP_006,2023-09-26,1069,44,488.1
CAMP_006,2023-09-27,3611,184,327.86
CAMP_006,2023-09-28,6007,295,153.35
CAMP_006,2023-09-29,2238,104,462.37
CAMP_006,2023-09-30,4689,89,306.45
CAMP_006,2023-10-01,7906,335,406.87
CAMP_007,2023-01-04,3908,220,140.43
CAMP_007,2023-01-05,6055,243,252.09
CAMP_007,2023-01-06,3891,210,112.85
CAMP_007,2023-01-07,2469,84,288.26
CAMP_007,2023-01-08,3681,133,82.67
CAMP_007,2023-01-09,2944,142,215.27
CAMP_007,2023-01-10,836,19,139.24
CAMP_007,2023-01-11,3367,202,194.01
CAMP_007,2023-01-12,5662,207,80.15
CAMP_007,2023-01-13,6240,347,287.02
CAMP_007,2023-01-14,3062,100,148.97
CAMP_007,2023-01-15,1856,90,82.73
CAMP_007,2023-01-16,7692,269,81.46
CAMP_007,2023-01-17,6546,140,210.53
CAMP_007,2023-01-18,7089,247,258.02
CAMP_007,2023-01-19,1021,39,183.02
CAMP_007,2023-01-20,5183,237,113.65
CAMP_007,2023-01-21,2822,86,149.82
CAMP_007,2023-01-22,5325,246,81.15
CAMP_007,2023-01-23,3284,121,155.38
CAMP_007,2023-01-24,3944,64,72.44
CAMP_007,2023-01-25,3631,188,57.13
CAMP_007,2023-01-26,4830,255,105.45
CAMP_007,2023-01-27,6134,219,66.09
CAMP_007,2023-01-28,3270,123,108.65
CAMP_007,2023-01-29,4957,167,289.97
CAMP_007,2023-01-30,1839,81,160.11
CAMP_007,2023-01-31,7287,239,66.96
CAMP_007,2023-02-01,3708,185,186.27
CAMP_007,2023-02-02,1856,71,284.22
CAMP_007,2023-02-03,3710,90,238.27
CAMP_007,2023-02-04,5187,250,287.14
CAMP_007,2023-02-05,1329,60,53.65
CAMP_007,2023-02-06,2570,45,225.78
CAMP_007,2023-02-07,927,39,159.46
CAMP_007,2023-02-08,6069,283,177.33
CAMP_007,2023-02-09,4553,177,170.52
CAMP_007,2023-02-10,6683,228,50.76
CAMP_007,2023-02-11,6765,370,60.84
CAMP_007,2023-02-12,2603,83,87.78
CAMP_007,2023-02-13,6045,368,154.7
CAMP_008,2023-08-25,1828,42,249.22
CAMP_008,2023-08-26,7416,285,162.78
CAMP_008,2023-08-27,3163,146,221.3
CAMP_008,2023-08-28,970,17,208.13
CAMP_008,2023-08-29,6717,230,217.56
CAMP_008,2023-08-30,3270,76,61.61
CAMP_008,2023-08-31,1066,39,190.96
CAMP_008,2023-09-01,5465,234,130.78
CAMP_008,2023-09-02,3842,176,242.63
CAMP_008,2023-09-03,4881,191,206.92
CAMP_008,2023-09-04,3128,84,167.83
CAMP_008,2023-09-05,6514,237,232.92
CAMP_008,2023-09-06,6463,347,239.07
CAMP_008,2023-09-07,7251,299,117.69
CAMP_008,2023-09-08,7545,378,126.56
CAMP_008,2023-09-09,7692,311,91.25
CAMP_008,2023-09-10,4198,81,246.31
CAMP_008,2023-09-11,2962,82,86.46
CAMP_008,2023-09-12,2881,105,148.27
CAMP_008,2023-09-13,1450,31,129.9
CAMP_008,2023-09-14,4178,152,197.91
CAMP_008,2023-09-15,2932,37,246.7
CAMP_008,2023-09-16,3284,97,148.43
CAMP_008,2023-09-17,5361,190,85.3
CAMP_008,2023-09-18,1048,14,194.21
CAMP_008,2023-09-19,2698,95,85.5
CAMP_008,2023-09-20,6324,243,230.08
CAMP_008,2023-09-21,6633,256,222.71
CAMP_008,2023-09-22,2105,32,158.53
CAMP_008,2023-09-23,2621,45,111.54
CAMP_008,2023-09-24,3436,139,130.78
CAMP_008,2023-09-25,4085,166,83.13
CAMP_008,2023-09-26,2972,62,126.9
CAMP_008,2023-09-27,2159,39,51.24
CAMP_008,2023-09-28,5280,206,145.2
CAMP_008,2023-09-29,3074,39,201.08
CAMP_008,2023-09-30,4743,172,179.32
CAMP_008,2023-10-01,6792,106,179.68
CAMP_008,2023-10-02,3484,61,166.37
CAMP_008,2023-10-03,6458,201,176.7
CAMP_008,2023-10-04,4923,179,131.91
CAMP_008,2023-10-05,6273,229,170.62
CAMP_008,2023-10-06,7317,231,246.51
CAMP_008,2023-10-07,2536,57,152.69
CAMP_008,2023-10-08,7299,168,191.19
CAMP_008,2023-10-09,3504,113,208.74
CAMP_008,2023-10-10,5157,187,114.93
CAMP_009,2023-07-03,2565,94,398.82
CAMP_009,2023-07-04,1533,61,160.9
CAMP_009,2023-07-05,5950,245,425.98
CAMP_009,2023-07-06,7310,372,539.75
CAMP_009,2023-07-07,2083,74,531.6
CAMP_009,2023-07-08,6634,330,251.93
CAMP_009,2023-07-09,2684,142,219.01
CAMP_009,2023-07-10,2311,133,79.5
CAMP_009,2023-07-11,1262,71,92.69
CAMP_009,2023-07-12,4656,145,238.15
CAMP_009,2023-07-13,6772,345,533.52
CAMP_009,2023-07-14,4385,248,218.08
CAMP_009,2023-07-15,856,34,523.7
CAMP_009,2023-07-16,6144,271,325.56
CAMP_009,2023-07-17,6017,427,262.38
CAMP_009,2023-07-18,7945,162,369.11
CAMP_009,2023-07-19,3413,281,187.25
CAMP_009,2023-07-20,2181,149,358.66
CAMP_009,2023-07-21,1974,89,288.42
CAMP_009,2023-07-22,3866,287,392.41
CAMP_009,2023-07-23,1912,68,523.19
CAMP_009,2023-07-24,4437,257,279.93
CAMP_010,2023-04-01,4524,158,553.03
CAMP_010,2023-04-02,4791,423,487.33
CAMP_010,2023-04-03,3257,158,442.5
CAMP_010,2023-04-04,5835,441,389.92
CAMP_010,2023-04-05,1603,102,404.51
CAMP_010,2023-04-06,6335,338,382.98
CAMP_010,2023-04-07,1793,90,303.08
CAMP_010,2023-04-08,895,94,329.12
CAMP_010,2023-04-09,3375,162,656.86
CAMP_010,2023-04-10,6772,472,193.1
CAMP_010,2023-04-11,7991,579,623.92
CAMP_010,2023-04-12,5287,428,364.76
CAMP_010,2023-04-13,5231,419,731.55
CAMP_010,2023-04-14,7906,319,50.24
CAMP_010,2023-04-15,1834,110,481.32
CAMP_010,2023-04-16,2346,170,148.05
CAMP_010,2023-04-17,2607,171,615.13
CAMP_010,2023-04-18,2879,138,64.82
CAMP_010,2023-04-19,6577,341,764.92
CAMP_010,2023-04-20,1155,68,611.91
CAMP_010,2023-04-21,1119,44,191.03
CAMP_010,2023-04-22,5742,342,778.36
CAMP_010,2023-04-23,2547,180,428.81
CAMP_010,2023-04-24,852,59,184.73
CAMP_010,2023-04-25,2965,206,398.92
CAMP_010,2023-04-26,7588,335,318.68
CAMP_010,2023-04-27,3566,110,228.67
CAMP_010,2023-04-28,942,62,523.0
CAMP_010,2023-04-29,1657,78,172.66
CAMP_010,2023-04-30,1136,76,652.22
CAMP_010,2023-05-01,2548,225,634.93
CAMP_010,2023-05-02,4076,259,719.69
CAMP_010,2023-05-03,3113,174,615.3
CAMP_010,2023-05-04,7663,359,320.18
CAMP_010,2023-05-05,2325,100,568.37
CAMP_010,2023-05-06,4657,388,294.9
CAMP_010,2023-05-07,3270,53,626.73
CAMP_010,2023-05-08,4732,268,524.97
CAMP_010,2023-05-09,919,75,393.98
CAMP_010,2023-05-10,2888,121,442.64
CAMP_010,2023-05-11,1538,90,293.21
CAMP_010,2023-05-12,1031,56,747.46
CAMP_010,2023-05-13,6630,467,728.37
CAMP_010,2023-05-14,3856,332,555.5
CAMP_010,2023-05-15,6573,343,52.59
CAMP_010,2023-05-16,3852,161,312.96
CAMP_011,2023-01-12,5629,272,372.14
CAMP_011,2023-01-13,3008,286,961.57
CAMP_011,2023-01-14,6892,659,899.3
CAMP_011,2023-01-15,2973,201,420.61
CAMP_011,2023-01-16,5740,408,836.48
CAMP_011,2023-01-17,6250,304,343.28
CAMP_011,2023-01-18,5211,408,124.83
CAMP_011,2023-01-19,6274,348,507.71
CAMP_011,2023-01-20,7263,325,127.49
CAMP_011,2023-01-21,2456,158,155.88
CAMP_011,2023-01-22,3984,217,868.96
CAMP_011,2023-01-23,2609,166,865.3
CAMP_011,2023-01-24,1240,73,845.86
CAMP_011,2023-01-25,5332,354,288.62
CAMP_011,2023-01-26,5405,337,426.77
CAMP_011,2023-01-27,7698,722,668.51
CAMP_011,2023-01-28,7927,583,374.1
CAMP_011,2023-01-29,2361,127,408.19
CAMP_011,2023-01-30,4876,339,748.41
CAMP_011,2023-01-31,2264,112,211.0
CAMP_011,2023-02-01,6617,396,600.28
CAMP_011,2023-02-02,7973,334,686.47
CAMP_011,2023-02-03,6177,257,108.71
CAMP_011,2023-02-04,1069,66,339.94
CAMP_012,2023-02-14,3696,21,393.82
CAMP_012,2023-02-15,1289,13,150.29
CAMP_012,2023-02-16,6132,54,309.3
CAMP_012,2023-02-17,2920,29,231.14
CAMP_012,2023-02-18,2758,33,95.71
CAMP_012,2023-02-19,2875,37,366.19
CAMP_012,2023-02-20,1725,19,654.31
CAMP_012,2023-02-21,1487,11,641.37
CAMP_012,2023-02-22,2241,26,50.74
CAMP_012,2023-02-23,5647,81,552.44
CAMP_012,2023-02-24,3394,37,408.7
CAMP_012,2023-02-25,3747,16,152.37
CAMP_012,2023-02-26,5846,36,664.03
CAMP_012,2023-02-27,7965,87,618.98
CAMP_012,2023-02-28,2558,23,731.12
CAMP_012,2023-03-01,7477,126,423.33
CAMP_012,2023-03-02,3100,26,355.01
CAMP_012,2023-03-03,7876,73,693.34
CAMP_012,2023-03-04,4456,51,739.88
CAMP_012,2023-03-05,6965,20,256.14
CAMP_012,2023-03-06,1106,14,573.73
CAMP_012,2023-03-07,7964,73,299.08
CAMP_012,2023-03-08,4626,26,625.03
CAMP_013,2023-06-18,2481,108,181.95
CAMP_013,2023-06-19,6562,443,992.82
CAMP_013,2023-06-20,2231,121,91.13
CAMP_013,2023-06-21,2421,21,407.38
CAMP_013,2023-06-22,7750,440,624.54
CAMP_013,2023-06-23,1379,62,164.39
CAMP_013,2023-06-24,928,49,376.86
CAMP_013,2023-06-25,1810,55,147.89
CAMP_013,2023-06-26,1446,93,74.95
CAMP_013,2023-06-27,7847,508,1259.25
CAMP_013,2023-06-28,7330,382,1198.12
CAMP_013,2023-06-29,3842,192,1073.64
CAMP_013,2023-06-30,2226,149,634.7
CAMP_013,2023-07-01,5711,327,111.62
CAMP_013,2023-07-02,2272,104,666.31
CAMP_013,2023-07-03,4999,236,658.37
CAMP_013,2023-07-04,1424,81,515.65
CAMP_013,2023-07-05,6444,500,458.52
CAMP_013,2023-07-06,7523,323,453.63
CAMP_013,2023-07-07,1149,50,887.82
CAMP_013,2023-07-08,6302,391,313.41
CAMP_013,2023-07-09,5020,211,774.42
CAMP_014,2023-04-19,6934,50,296.77
CAMP_014,2023-04-20,5815,39,226.86
CAMP_014,2023-04-21,3011,43,375.56
CAMP_014,2023-04-22,4210,31,332.06
CAMP_014,2023-04-23,1814,16,62.76
CAMP_014,2023-04-24,4736,26,354.12
CAMP_014,2023-04-25,7288,71,335.06
CAMP_014,2023-04-26,2452,21,99.35
CAMP_014,2023-04-27,5930,56,211.32
CAMP_014,2023-04-28,1434,12,272.59
CAMP_014,2023-04-29,7810,78,150.26
CAMP_014,2023-04-30,7216,68,141.66
CAMP_014,2023-05-01,7625,71,245.93
CAMP_014,2023-05-02,5188,41,56.83
CAMP_014,2023-05-03,5854,46,216.83
CAMP_014,2023-05-04,5782,72,221.78
CAMP_014,2023-05-05,3019,29,331.69
CAMP_014,2023-05-06,2879,39,246.49
CAMP_014,2023-05-07,1864,16,261.86
CAMP_014,2023-05-08,6932,57,418.78
CAMP_014,2023-05-09,5201,68,180.33
CAMP_014,2023-05-10,6960,66,231.04
CAMP_014,2023-05-11,2807,25,350.17
CAMP_014,2023-05-12,5779,51,378.59
CAMP_014,2023-05-13,7999,113,101.16
CAMP_014,2023-05-14,7913,80,391.75
CAMP_014,2023-05-15,1370,16,114.88
CAMP_014,2023-05-16,2729,36,384.52
CAMP_014,2023-05-17,5126,57,97.46
CAMP_014,2023-05-18,5596,38,208.69
CAMP_014,2023-05-19,6202,69,160.2
CAMP_014,2023-05-20,934,13,156.77
CAMP_014,2023-05-21,2321,29,304.05
CAMP_014,2023-05-22,7994,85,392.71
CAMP_014,2023-05-23,1228,10,77.31
CAMP_014,2023-05-24,2420,30,335.28
CAMP_014,2023-05-25,6916,31,145.42
CAMP_014,2023-05-26,1886,25,409.36
CAMP_014,2023-05-27,5962,82,345.52
CAMP_014,2023-05-28,3658,27,265.32
CAMP_014,2023-05-29,4594,47,412.18
CAMP_014,2023-05-30,3612,16,191.04
CAMP_015,2023-07-01,2786,137,126.3
CAMP_015,2023-07-02,3078,126,151.15
CAMP_015,2023-07-03,5806,176,234.49
CAMP_015,2023-07-04,1632,88,316.15
CAMP_015,2023-07-05,4752,355,304.01
CAMP_015,2023-07-06,1825,117,223.09
CAMP_015,2023-07-07,6108,268,143.54
CAMP_015,2023-07-08,7872,567,377.34
CAMP_015,2023-07-09,2561,164,386.59
CAMP_015,2023-07-10,3292,265,323.38
CAMP_015,2023-07-11,5074,233,217.08
CAMP_015,2023-07-12,944,60,359.28
CAMP_015,2023-07-13,916,72,330.37
CAMP_015,2023-07-14,3903,84,324.06
CAMP_015,2023-07-15,5893,362,245.24
CAMP_015,2023-07-16,5399,183,82.79
CAMP_015,2023-07-17,3987,162,326.92
CAMP_015,2023-07-18,7730,396,258.45
CAMP_015,2023-07-19,2288,126,245.39
CAMP_015,2023-07-20,2394,182,106.78
CAMP_015,2023-07-21,998,53,338.86
CAMP_015,2023-07-22,1643,82,225.29
CAMP_015,2023-07-23,5764,233,370.05
CAMP_015,2023-07-24,3298,112,291.89
CAMP_015,2023-07-25,4068,133,332.61
CAMP_015,2023-07-26,7986,503,239.06
CAMP_015,2023-07-27,4784,177,411.81
CAMP_015,2023-07-28,5816,433,80.5
CAMP_015,2023-07-29,5537,330,363.22
CAMP_015,2023-07-30,5687,395,184.13
CAMP_015,2023-07-31,3624,172,167.81
CAMP_015,2023-08-01,6450,469,296.44
CAMP_015,2023-08-02,6069,273,396.2
CAMP_015,2023-08-03,7273,365,108.68
CAMP_015,2023-08-04,2799,79,306.93
CAMP_015,2023-08-05,5410,159,125.94
CAMP_015,2023-08-06,2674,108,255.99
CAMP_015,2023-08-07,7268,411,66.15
CAMP_015,2023-08-08,2589,144,189.26
CAMP_015,2023-08-09,6281,386,218.16
CAMP_015,2023-08-10,2891,156,382.62
CAMP_015,2023-08-11,6701,172,70.76
CAMP_015,2023-08-12,2490,104,264.55
CAMP_015,2023-08-13,1484,64,188.8
CAMP_015,2023-08-14,5165,294,208.96
CAMP_015,2023-08-15,5908,367,103.32
CAMP_015,2023-08-16,5461,213,205.51
CAMP_015,2023-08-17,3243,90,344.56
CAMP_015,2023-08-18,1483,84,373.82
CAMP_015,2023-08-19,7584,535,170.58
CAMP_015,2023-08-20,4799,340,102.47
CAMP_015,2023-08-21,7576,340,233.58
CAMP_015,2023-08-22,1439,67,75.12
CAMP_015,2023-08-23,2823,115,236.48
CAMP_015,2023-08-24,4676,321,122.47
CAMP_015,2023-08-25,5388,257,338.69
CAMP_015,2023-08-26,3505,212,263.43
CAMP_015,2023-08-27,5625,284,269.76
CAMP_016,2023-03-19,6799,347,120.3
CAMP_016,2023-03-20,1912,114,355.89
CAMP_016,2023-03-21,1961,74,217.93
CAMP_016,2023-03-22,4747,204,153.97
CAMP_016,2023-03-23,3861,153,335.76
CAMP_016,2023-03-24,3672,139,81.03
CAMP_016,2023-03-25,5017,159,68.96
CAMP_016,2023-03-26,4820,120,263.93
CAMP_016,2023-03-27,5175,51,58.84
CAMP_016,2023-03-28,6354,254,410.91
CAMP_016,2023-03-29,5153,197,73.51
CAMP_016,2023-03-30,2591,128,435.21
CAMP_016,2023-03-31,4418,160,292.92
CAMP_016,2023-04-01,5934,111,218.88
CAMP_016,2023-04-02,951,45,127.18
CAMP_016,2023-04-03,1419,96,152.13
CAMP_016,2023-04-04,6109,213,209.84
CAMP_016,2023-04-05,1950,96,316.97
CAMP_016,2023-04-06,3365,179,207.59
CAMP_016,2023-04-07,7675,207,423.26
CAMP_016,2023-04-08,6193,176,196.97
CAMP_016,2023-04-09,1320,61,290.7
CAMP_016,2023-04-10,5489,173,310.57
CAMP_016,2023-04-11,1061,24,360.55
CAMP_016,2023-04-12,4181,181,278.71
CAMP_016,2023-04-13,7413,497,411.29
CAMP_016,2023-04-14,1898,39,54.17
CAMP_016,2023-04-15,3382,99,270.87
CAMP_016,2023-04-16,2396,108,160.94
CAMP_016,2023-04-17,1800,58,151.48
CAMP_016,2023-04-18,3222,110,239.24
CAMP_016,2023-04-19,5913,216,374.26
CAMP_016,2023-04-20,7242,250,328.18
CAMP_016,2023-04-21,2088,76,433.99
CAMP_016,2023-04-22,1028,33,80.36
CAMP_016,2023-04-23,5571,274,261.02
CAMP_016,2023-04-24,5083,176,423.38
CAMP_016,2023-04-25,6889,216,180.65
CAMP_016,2023-04-26,7519,316,169.35
CAMP_016,2023-04-27,1096,52,400.99
CAMP_016,2023-04-28,6847,300,68.65
CAMP_016,2023-04-29,2324,106,114.48
CAMP_016,2023-04-30,3158,173,428.89
CAMP_016,2023-05-01,3885,59,185.21
CAMP_016,2023-05-02,2382,59,326.39
CAMP_016,2023-05-03,5483,154,247.29
CAMP_016,2023-05-04,5550,135,292.96
CAMP_016,2023-05-05,4047,166,63.95
CAMP_016,2023-05-06,5698,229,408.32
CAMP_016,2023-05-07,4884,262,268.15
CAMP_016,2023-05-08,2574,97,117.32
CAMP_016,2023-05-09,7186,182,245.55
CAMP_017,2023-03-15,1760,101,203.7
CAMP_017,2023-03-16,1700,93,196.85
CAMP_017,2023-03-17,6633,288,245.1
CAMP_017,2023-03-18,6833,426,374.62
CAMP_017,2023-03-19,1991,149,69.0
CAMP_017,2023-03-20,5128,170,100.16
CAMP_017,2023-03-21,2677,87,314.82
CAMP_017,2023-03-22,2880,145,341.44
CAMP_017,2023-03-23,6711,245,94.33
CAMP_017,2023-03-24,1970,99,56.91
CAMP_017,2023-03-25,3087,154,162.87
CAMP_017,2023-03-26,7421,252,114.58
CAMP_017,2023-03-27,4425,236,234.08
CAMP_017,2023-03-28,7805,391,150.92
CAMP_017,2023-03-29,5028,186,212.38
CAMP_017,2023-03-30,6020,327,352.12
CAMP_017,2023-03-31,7438,578,67.13
CAMP_017,2023-04-01,3831,191,123.7
CAMP_017,2023-04-02,7449,177,91.58
CAMP_017,2023-04-03,890,32,50.01
CAMP_017,2023-04-04,6445,226,93.14
CAMP_017,2023-04-05,5001,155,52.74
CAMP_017,2023-04-06,5071,241,191.38
CAMP_017,2023-04-07,7716,492,339.9
CAMP_017,2023-04-08,3906,168,283.69
CAMP_017,2023-04-09,7718,220,170.63
CAMP_017,2023-04-10,2678,125,299.51
CAMP_017,2023-04-11,1350,35,162.12
CAMP_017,2023-04-12,6620,338,103.34
CAMP_017,2023-04-13,1957,84,297.76
CAMP_017,2023-04-14,7431,252,62.49
CAMP_017,2023-04-15,3684,114,180.31
CAMP_018,2023-04-17,3478,237,268.25
CAMP_018,2023-04-18,3168,259,331.56
CAMP_018,2023-04-19,2014,171,280.41
CAMP_018,2023-04-20,2805,177,258.33
CAMP_018,2023-04-21,3146,207,80.82
CAMP_018,2023-04-22,1489,84,245.03
CAMP_018,2023-04-23,4380,190,215.5
CAMP_018,2023-04-24,3267,148,210.17
CAMP_018,2023-04-25,7952,675,196.74
CAMP_018,2023-04-26,2069,98,285.7
CAMP_018,2023-04-27,7503,660,356.27
CAMP_018,2023-04-28,6427,318,82.48
CAMP_018,2023-04-29,4972,151,132.18
CAMP_018,2023-04-30,7691,381,186.42
CAMP_018,2023-05-01,2546,167,329.1
CAMP_018,2023-05-02,5626,320,292.23
CAMP_018,2023-05-03,6468,450,109.33
CAMP_018,2023-05-04,6062,602,275.6
CAMP_018,2023-05-05,5597,366,135.49
CAMP_018,2023-05-06,7127,426,203.94
CAMP_018,2023-05-07,5955,304,88.44
CAMP_018,2023-05-08,917,51,101.27
CAMP_018,2023-05-09,1125,100,71.37
CAMP_018,2023-05-10,2673,216,159.29
CAMP_018,2023-05-11,4466,401,216.76
CAMP_018,2023-05-12,5631,363,252.24
CAMP_018,2023-05-13,7548,369,171.75
CAMP_018,2023-05-14,4450,273,105.81
CAMP_018,2023-05-15,4883,273,241.7
CAMP_018,2023-05-16,3328,286,309.0
CAMP_018,2023-05-17,4478,330,325.22
CAMP_018,2023-05-18,807,21,351.8
CAMP_018,2023-05-19,1189,46,157.67
CAMP_018,2023-05-20,2877,158,330.72
CAMP_018,2023-05-21,3258,296,146.58
CAMP_018,2023-05-22,1542,74,336.02
CAMP_018,2023-05-23,5561,351,66.37
CAMP_018,2023-05-24,3475,234,302.73
CAMP_018,2023-05-25,5481,382,157.67
CAMP_018,2023-05-26,7723,549,111.93
CAMP_018,2023-05-27,2663,133,276.18
CAMP_018,2023-05-28,2209,171,116.55
CAMP_018,2023-05-29,5586,271,64.66
CAMP_018,2023-05-30,7390,566,51.01
CAMP_018,2023-05-31,1046,56,353.35
CAMP_018,2023-06-01,4465,231,132.12
CAMP_018,2023-06-02,3839,225,111.13
CAMP_018,2023-06-03,2632,119,296.93
CAMP_018,2023-06-04,2830,191,285.45
CAMP_019,2023-03-02,5553,89,125.14
CAMP_019,2023-03-03,6266,21,114.13
CAMP_019,2023-03-04,7581,84,79.37
CAMP_019,2023-03-05,1241,3,50.48
CAMP_019,2023-03-06,1472,16,70.64
CAMP_019,2023-03-07,6357,23,216.21
CAMP_019,2023-03-08,7673,60,231.82
CAMP_019,2023-03-09,2293,24,111.37
CAMP_019,2023-03-10,5428,32,315.36
CAMP_019,2023-03-11,7530,78,213.32
CAMP_019,2023-03-12,2846,33,145.79
CAMP_019,2023-03-13,5559,68,161.85
CAMP_019,2023-03-14,2896,17,160.39
CAMP_019,2023-03-15,4471,55,134.61
CAMP_019,2023-03-16,4542,38,262.02
CAMP_019,2023-03-17,2936,34,145.64
CAMP_019,2023-03-18,7786,103,309.41
CAMP_019,2023-03-19,5731,47,217.01
CAMP_019,2023-03-20,2602,29,250.57
CAMP_019,2023-03-21,6521,50,225.68
CAMP_019,2023-03-22,1939,12,152.34
CAMP_019,2023-03-23,5542,74,250.3
CAMP_019,2023-03-24,5381,31,164.7
CAMP_019,2023-03-25,6236,84,312.16
CAMP_019,2023-03-26,4400,57,193.15
CAMP_019,2023-03-27,3261,20,284.21
CAMP_019,2023-03-28,3733,31,105.72
CAMP_019,2023-03-29,2227,21,128.95
CAMP_019,2023-03-30,3237,19,63.74
CAMP_019,2023-03-31,4307,43,234.66
CAMP_019,2023-04-01,2385,19,260.09
CAMP_019,2023-04-02,7908,72,280.94
CAMP_019,2023-04-03,1802,10,159.98
CAMP_019,2023-04-04,4001,26,76.47
CAMP_019,2023-04-05,4581,42,212.97
CAMP_019,2023-04-06,2696,30,64.69
CAMP_019,2023-04-07,5405,66,185.42
CAMP_020,2023-01-06,5251,88,96.31
CAMP_020,2023-01-07,5771,206,64.72
CAMP_020,2023-01-08,1677,108,53.96
CAMP_020,2023-01-09,4830,208,85.34
CAMP_020,2023-01-10,5658,127,70.79
CAMP_020,2023-01-11,6417,201,67.53
CAMP_020,2023-01-12,3518,152,89.34
CAMP_020,2023-01-13,4023,203,58.11
CAMP_020,2023-01-14,1788,96,81.16
CAMP_020,2023-01-15,2470,153,87.5
CAMP_020,2023-01-16,6184,279,92.53
CAMP_020,2023-01-17,1992,98,87.5
CAMP_020,2023-01-18,7854,477,113.19
CAMP_020,2023-01-19,2566,166,98.2
CAMP_020,2023-01-20,3624,144,60.16
CAMP_020,2023-01-21,2319,99,105.96
CAMP_020,2023-01-22,7066,435,115.09
CAMP_020,2023-01-23,3806,166,72.92
CAMP_020,2023-01-24,1741,54,54.38
CAMP_020,2023-01-25,5149,239,74.63
CAMP_020,2023-01-26,3206,113,77.43
CAMP_020,2023-01-27,7996,416,110.16
CAMP_020,2023-01-28,5922,203,62.81
CAMP_020,2023-01-29,3166,204,75.96
CAMP_020,2023-01-30,5159,203,55.85
CAMP_020,2023-01-31,4104,165,93.58
CAMP_020,2023-02-01,3549,155,91.74
CAMP_020,2023-02-02,4888,112,107.26
CAMP_020,2023-02-03,7987,381,57.09
CAMP_020,2023-02-04,3705,197,59.38
CAMP_020,2023-02-05,7621,63,113.43
CAMP_020,2023-02-06,4617,174,73.56
CAMP_020,2023-02-07,4069,171,62.53
CAMP_020,2023-02-08,4672,176,75.9
CAMP_020,2023-02-09,4493,219,91.23
CAMP_020,2023-02-10,4376,156,62.73
CAMP_020,2023-02-11,4754,181,67.63
CAMP_020,2023-02-12,7835,313,58.15
CAMP_020,2023-02-13,6210,296,116.9
CAMP_020,2023-02-14,4839,138,107.83
CAMP_020,2023-02-15,3213,155,61.45
CAMP_020,2023-02-16,4437,130,86.37
CAMP_020,2023-02-17,1760,88,50.97
CAMP_020,2023-02-18,3332,121,52.78
CAMP_020,2023-02-19,1351,24,89.21
CAMP_020,2023-02-20,1227,54,78.77
CAMP_020,2023-02-21,7573,267,70.94
CAMP_020,2023-02-22,3479,171,94.52
CAMP_020,2023-02-23,1811,85,86.37
CAMP_020,2023-02-24,1990,105,79.74
CAMP_020,2023-02-25,1822,85,79.03
CAMP_021,2023-07-24,2544,99,581.63
CAMP_021,2023-07-25,6289,247,88.22
CAMP_021,2023-07-26,4767,190,50.5
CAMP_021,2023-07-27,2932,58,74.16
CAMP_021,2023-07-28,1411,51,80.92
CAMP_021,2023-07-29,2232,104,70.4
CAMP_021,2023-07-30,5502,139,91.75
CAMP_021,2023-07-31,2591,92,489.84
CAMP_021,2023-08-01,2652,117,457.75
CAMP_021,2023-08-02,6222,230,375.09
CAMP_021,2023-08-03,3077,73,604.48
CAMP_021,2023-08-04,1789,50,377.83
CAMP_021,2023-08-05,6619,282,60.74
CAMP_021,2023-08-06,3551,79,665.95
CAMP_021,2023-08-07,1931,73,277.83
CAMP_021,2023-08-08,5758,227,488.72
CAMP_021,2023-08-09,859,30,334.05
CAMP_021,2023-08-10,5612,204,480.63
CAMP_021,2023-08-11,2286,74,340.18
CAMP_021,2023-08-12,1715,57,84.26
CAMP_021,2023-08-13,3005,95,561.77
CAMP_021,2023-08-14,6906,217,98.76
CAMP_021,2023-08-15,7153,121,620.32
CAMP_021,2023-08-16,7764,243,342.21
CAMP_021,2023-08-17,2353,88,675.88
CAMP_021,2023-08-18,3663,108,590.36
CAMP_021,2023-08-19,1022,26,157.29
CAMP_021,2023-08-20,2834,100,412.51
CAMP_021,2023-08-21,3985,73,546.8
CAMP_021,2023-08-22,1268,13,648.14
CAMP_021,2023-08-23,5768,183,640.89
CAMP_021,2023-08-24,5326,123,493.13
CAMP_021,2023-08-25,7708,136,386.88
CAMP_021,2023-08-26,3374,91,454.19
CAMP_021,2023-08-27,5646,155,56.38
CAMP_022,2023-10-01,1132,15,139.16
CAMP_022,2023-10-02,3272,34,216.33
CAMP_022,2023-10-03,7069,88,267.56
CAMP_022,2023-10-04,1627,20,128.82
CAMP_022,2023-10-05,6181,68,268.27
CAMP_022,2023-10-06,3041,34,600.91
CAMP_022,2023-10-07,6392,56,369.61
CAMP_022,2023-10-08,3090,28,331.88
CAMP_022,2023-10-09,6722,73,343.88
CAMP_022,2023-10-10,914,9,124.94
CAMP_022,2023-10-11,2065,40,290.85
CAMP_022,2023-10-12,6585,75,238.68
CAMP_022,2023-10-13,4026,32,374.85
CAMP_022,2023-10-14,2210,14,361.76
CAMP_022,2023-10-15,4033,22,276.2
CAMP_022,2023-10-16,1739,24,127.7
CAMP_022,2023-10-17,4359,31,356.74
CAMP_022,2023-10-18,5043,63,382.75
CAMP_022,2023-10-19,1583,19,191.74
CAMP_023,2023-08-16,4091,123,547.16
CAMP_023,2023-08-17,1693,76,221.99
CAMP_023,2023-08-18,6904,359,547.2
CAMP_023,2023-08-19,2753,50,406.17
CAMP_023,2023-08-20,5754,273,411.73
CAMP_023,2023-08-21,4958,271,587.35
CAMP_023,2023-08-22,4233,163,61.26
CAMP_023,2023-08-23,7340,247,360.92
CAMP_023,2023-08-24,3316,114,173.49
CAMP_023,2023-08-25,7634,74,74.2
CAMP_023,2023-08-26,6158,186,158.16
CAMP_023,2023-08-27,4957,223,238.6
CAMP_023,2023-08-28,3397,81,588.11
CAMP_023,2023-08-29,6773,265,172.31
CAMP_023,2023-08-30,4143,211,162.52
CAMP_023,2023-08-31,2571,97,82.64
CAMP_023,2023-09-01,6115,310,489.75
CAMP_023,2023-09-02,4314,111,105.87
CAMP_023,2023-09-03,6620,238,599.6
CAMP_023,2023-09-04,4775,271,255.36
CAMP_023,2023-09-05,6062,178,305.97
CAMP_023,2023-09-06,4909,189,297.22
CAMP_023,2023-09-07,7566,644,190.98
CAMP_023,2023-09-08,2036,97,589.06
CAMP_023,2023-09-09,7659,319,566.05
CAMP_023,2023-09-10,7280,160,63.41
CAMP_023,2023-09-11,3128,106,340.24
CAMP_023,2023-09-12,7200,252,484.13
CAMP_024,2023-06-10,7938,306,378.26
CAMP_024,2023-06-11,5588,252,359.57
CAMP_024,2023-06-12,2949,201,1242.79
CAMP_024,2023-06-13,7059,316,77.79
CAMP_024,2023-06-14,7527,488,982.45
CAMP_024,2023-06-15,7322,221,356.52
CAMP_024,2023-06-16,2816,100,1000.93
CAMP_024,2023-06-17,1475,131,639.12
CAMP_024,2023-06-18,2437,185,731.4
CAMP_024,2023-06-19,1982,139,191.59
CAMP_024,2023-06-20,6649,475,1010.33
CAMP_024,2023-06-21,7490,404,614.97
CAMP_024,2023-06-22,1375,104,1133.67
CAMP_024,2023-06-23,2486,117,775.02
CAMP_024,2023-06-24,3719,277,633.67
CAMP_024,2023-06-25,1513,74,1151.69
CAMP_024,2023-06-26,3492,253,465.22
CAMP_024,2023-06-27,6904,475,623.66
CAMP_024,2023-06-28,3602,243,347.86
CAMP_024,2023-06-29,6414,199,584.04
CAMP_024,2023-06-30,2847,129,614.57
CAMP_024,2023-07-01,3937,306,192.48
CAMP_024,2023-07-02,7698,429,736.96
CAMP_024,2023-07-03,1887,106,144.51
CAMP_024,2023-07-04,6814,360,909.52
CAMP_024,2023-07-05,1954,153,465.14
CAMP_024,2023-07-06,3409,215,835.36
CAMP_025,2023-08-13,7009,380,831.4
CAMP_025,2023-08-14,7869,379,1174.81
CAMP_025,2023-08-15,1296,74,466.92
CAMP_025,2023-08-16,2060,111,677.89
CAMP_025,2023-08-17,2765,215,64.35
CAMP_025,2023-08-18,2999,187,632.86
CAMP_025,2023-08-19,6228,351,549.16
CAMP_025,2023-08-20,4266,12,842.87
CAMP_025,2023-08-21,4655,271,1097.75
CAMP_025,2023-08-22,2363,152,416.1
CAMP_025,2023-08-23,6083,219,852.1
CAMP_025,2023-08-24,3167,255,978.06
CAMP_025,2023-08-25,1237,55,1031.9
CAMP_025,2023-08-26,2545,99,980.38
CAMP_025,2023-08-27,7366,307,591.46
CAMP_025,2023-08-28,6775,305,1171.34
CAMP_025,2023-08-29,7468,416,935.97
CAMP_025,2023-08-30,6137,316,433.31
CAMP_025,2023-08-31,6052,347,1244.0
CAMP_026,2023-09-15,3957,33,939.82
CAMP_026,2023-09-16,1006,8,375.07
CAMP_026,2023-09-17,7778,25,1070.71
CAMP_026,2023-09-18,6587,71,95.52
CAMP_026,2023-09-19,4317,47,543.97
CAMP_026,2023-09-20,2970,40,502.28
CAMP_026,2023-09-21,920,6,249.92
CAMP_026,2023-09-22,3340,40,1019.04
CAMP_026,2023-09-23,5876,60,1020.04
CAMP_026,2023-09-24,4006,55,195.46
CAMP_026,2023-09-25,2426,30,495.01
CAMP_026,2023-09-26,4745,65,118.56
CAMP_026,2023-09-27,4365,46,788.72
CAMP_026,2023-09-28,4384,44,944.93
CAMP_026,2023-09-29,5210,61,1062.85
CAMP_026,2023-09-30,3791,53,554.59
CAMP_026,2023-10-01,6709,67,88.79
CAMP_026,2023-10-02,1075,8,1039.22
CAMP_026,2023-10-03,6916,77,659.58
CAMP_026,2023-10-04,7642,83,973.33
CAMP_026,2023-10-05,2760,18,483.95
CAMP_026,2023-10-06,7343,51,385.63
CAMP_026,2023-10-07,3680,32,333.98
CAMP_026,2023-10-08,1112,9,952.16
CAMP_026,2023-10-09,1987,22,1124.02
CAMP_026,2023-10-10,2998,34,1099.96
CAMP_026,2023-10-11,2935,22,538.69
CAMP_026,2023-10-12,4470,30,674.73
CAMP_026,2023-10-13,7693,47,878.71
CAMP_026,2023-10-14,2541,18,474.92
CAMP_026,2023-10-15,881,9,988.57
CAMP_026,2023-10-16,6525,80,846.63
CAMP_027,2023-03-07,6223,197,87.17
CAMP_027,2023-03-08,3638,119,417.94
CAMP_027,2023-03-09,1702,31,237.19
CAMP_027,2023-03-10,4739,178,56.51
CAMP_027,2023-03-11,2301,75,491.64
CAMP_027,2023-03-12,3102,101,531.77
CAMP_027,2023-03-13,5283,154,120.02
CAMP_027,2023-03-14,1591,52,710.85
CAMP_027,2023-03-15,3380,101,670.21
CAMP_027,2023-03-16,2180,62,717.46
CAMP_027,2023-03-17,7770,322,213.02
CAMP_027,2023-03-18,6441,165,179.2
CAMP_027,2023-03-19,6754,215,493.33
CAMP_027,2023-03-20,2950,68,387.93
CAMP_027,2023-03-21,5518,191,756.98
CAMP_027,2023-03-22,1054,27,196.4
CAMP_027,2023-03-23,4911,163,636.18
CAMP_027,2023-03-24,7368,228,690.12
CAMP_027,2023-03-25,2004,44,112.27
CAMP_027,2023-03-26,7583,395,566.02
CAMP_027,2023-03-27,6285,162,233.13
CAMP_027,2023-03-28,4246,148,71.76
CAMP_027,2023-03-29,1747,62,306.77
CAMP_027,2023-03-30,3972,75,68.96
CAMP_027,2023-03-31,1487,48,274.59
CAMP_027,2023-04-01,7544,187,86.92
CAMP_027,2023-04-02,1648,37,663.58
CAMP_027,2023-04-03,4783,123,786.77
CAMP_027,2023-04-04,7472,470,556.76
CAMP_027,2023-04-05,7680,267,310.46
CAMP_028,2023-03-23,2056,49,432.11
CAMP_028,2023-03-24,887,26,256.97
CAMP_028,2023-03-25,2647,99,742.55
CAMP_028,2023-03-26,6559,275,658.01
CAMP_028,2023-03-27,4757,160,726.96
CAMP_028,2023-03-28,7808,201,484.34
CAMP_028,2023-03-29,4946,174,513.47
CAMP_028,2023-03-30,1016,22,503.36
CAMP_028,2023-03-31,6050,123,134.38
CAMP_028,2023-04-01,7508,333,294.05
CAMP_028,2023-04-02,2477,51,673.95
CAMP_028,2023-04-03,6999,231,187.62
CAMP_028,2023-04-04,4200,203,352.39
CAMP_028,2023-04-05,6644,256,570.47
CAMP_028,2023-04-06,1722,23,52.61
CAMP_028,2023-04-07,3835,144,113.35
CAMP_028,2023-04-08,7561,150,653.73
CAMP_028,2023-04-09,6775,156,416.34
CAMP_028,2023-04-10,6215,240,425.89
CAMP_028,2023-04-11,6975,281,259.91
CAMP_028,2023-04-12,5546,214,465.81
CAMP_028,2023-04-13,846,44,159.59
CAMP_028,2023-04-14,1240,53,506.11
CAMP_028,2023-04-15,5654,212,523.35
CAMP_028,2023-04-16,3623,110,214.4
CAMP_028,2023-04-17,6113,227,471.49
CAMP_028,2023-04-18,1624,80,501.47
CAMP_028,2023-04-19,4050,140,654.5
CAMP_028,2023-04-20,4699,134,251.96
CAMP_028,2023-04-21,7403,145,283.39
CAMP_028,2023-04-22,4852,137,643.04
CAMP_028,2023-04-23,4215,177,742.62
CAMP_029,2023-04-10,5277,366,193.91
CAMP_029,2023-04-11,7772,495,158.15
CAMP_029,2023-04-12,2549,102,423.53
CAMP_029,2023-04-13,2633,148,157.57
CAMP_029,2023-04-14,5797,246,362.9
CAMP_029,2023-04-15,1196,31,257.65
CAMP_029,2023-04-16,4093,237,407.89
CAMP_029,2023-04-17,4411,102,53.66
CAMP_029,2023-04-18,1835,85,248.88
CAMP_029,2023-04-19,4204,237,284.68
CAMP_029,2023-04-20,6389,294,255.82
CAMP_029,2023-04-21,7843,410,157.87
CAMP_029,2023-04-22,4117,274,423.9
CAMP_029,2023-04-23,2902,125,416.46
CAMP_029,2023-04-24,6635,251,201.29
CAMP_029,2023-04-25,1927,159,132.33
CAMP_029,2023-04-26,1990,65,455.31
CAMP_029,2023-04-27,7347,526,451.68
CAMP_029,2023-04-28,5191,57,210.83
CAMP_029,2023-04-29,4629,314,313.73
CAMP_029,2023-04-30,6453,288,116.15
CAMP_029,2023-05-01,7919,428,99.62
CAMP_029,2023-05-02,2217,93,286.08
CAMP_029,2023-05-03,3231,130,95.46
CAMP_029,2023-05-04,1299,67,223.88
CAMP_029,2023-05-05,4127,225,324.68
CAMP_029,2023-05-06,6907,250,283.95
CAMP_029,2023-05-07,4384,255,272.15
CAMP_029,2023-05-08,5946,318,472.75
CAMP_029,2023-05-09,1773,117,448.24
CAMP_029,2023-05-10,2233,79,164.9
CAMP_029,2023-05-11,5656,176,284.41
CAMP_029,2023-05-12,1983,132,188.41
CAMP_029,2023-05-13,2879,65,445.65
CAMP_029,2023-05-14,2749,191,59.55
CAMP_029,2023-05-15,6138,339,470.59
CAMP_029,2023-05-16,6676,310,111.47
CAMP_029,2023-05-17,2816,161,465.26
CAMP_030,2023-07-01,7923,634,280.48
CAMP_030,2023-07-02,7992,512,277.8
CAMP_030,2023-07-03,3419,282,165.34
CAMP_030,2023-07-04,5480,436,281.06
CAMP_030,2023-07-05,2331,176,209.33
CAMP_030,2023-07-06,1404,55,156.98
CAMP_030,2023-07-07,7292,226,276.96
CAMP_030,2023-07-08,3395,81,124.68
CAMP_030,2023-07-09,813,32,160.65
CAMP_030,2023-07-10,2643,206,65.83
CAMP_030,2023-07-11,3376,277,101.65
CAMP_030,2023-07-12,3215,186,96.2
CAMP_030,2023-07-13,4860,317,204.29
CAMP_030,2023-07-14,2242,73,284.53
CAMP_030,2023-07-15,4883,304,259.02
CAMP_030,2023-07-16,5355,229,97.38
CAMP_030,2023-07-17,3966,238,154.81
CAMP_030,2023-07-18,1505,106,97.4
CAMP_030,2023-07-19,1516,50,178.75
CAMP_030,2023-07-20,2014,124,171.51
CAMP_030,2023-07-21,7046,579,118.61
CAMP_030,2023-07-22,7863,423,123.59
CAMP_030,2023-07-23,7917,293,184.78
CAMP_030,2023-07-24,7259,542,264.12
CAMP_030,2023-07-25,4222,301,163.21
CAMP_030,2023-07-26,4285,222,102.09
CAMP_030,2023-07-27,1995,87,170.07
CAMP_030,2023-07-28,5142,315,197.83
CAMP_030,2023-07-29,1725,175,107.06
CAMP_030,2023-07-30,5751,300,110.94
CAMP_030,2023-07-31,3241,159,273.31
CAMP_030,2023-08-01,4680,296,302.99
CAMP_030,2023-08-02,6693,361,234.33
CAMP_030,2023-08-03,3198,222,110.68
CAMP_030,2023-08-04,6951,212,250.77
CAMP_030,2023-08-05,4754,388,171.67
CAMP_030,2023-08-06,3411,223,59.23
CAMP_030,2023-08-07,2994,267,114.75
CAMP_030,2023-08-08,4095,277,246.56
CAMP_030,2023-08-09,5943,396,225.06
CAMP_030,2023-08-10,2115,105,150.71
CAMP_030,2023-08-11,1645,68,297.01
CAMP_030,2023-08-12,4560,300,155.9
CAMP_030,2023-08-13,7934,469,192.26
CAMP_030,2023-08-14,7322,377,117.27
CAMP_030,2023-08-15,5998,429,59.3
CAMP_030,2023-08-16,2499,91,172.62
CAMP_030,2023-08-17,7286,338,86.85
CAMP_030,2023-08-18,1752,86,185.92
CAMP_030,2023-08-19,2528,92,83.48
CAMP_030,2023-08-20,6015,279,128.82
CAMP_030,2023-08-21,5878,176,135.08
CAMP_030,2023-08-22,4762,286,195.23
CAMP_030,2023-08-23,3487,327,168.4
CAMP_030,2023-08-24,2067,136,219.9
CAMP_030,2023-08-25,6144,365,280.97
CAMP_030,2023-08-26,5484,294,96.75
CAMP_030,2023-08-27,7281,590,120.33
CAMP_031,2023-08-02,4352,260,166.6
CAMP_031,2023-08-03,1516,108,186.3
CAMP_031,2023-08-04,4797,228,146.74
CAMP_031,2023-08-05,7255,724,66.46
CAMP_031,2023-08-06,2030,122,86.33
CAMP_031,2023-08-07,3212,133,162.06
CAMP_031,2023-08-08,5274,412,192.4
CAMP_031,2023-08-09,5327,434,199.69
CAMP_031,2023-08-10,5874,438,194.62
CAMP_031,2023-08-11,1174,55,125.79
CAMP_031,2023-08-12,2421,100,166.92
CAMP_031,2023-08-13,1037,64,136.0
CAMP_031,2023-08-14,1186,43,177.41
CAMP_031,2023-08-15,7633,487,53.44
CAMP_031,2023-08-16,1649,82,119.43
CAMP_031,2023-08-17,2452,188,113.09
CAMP_031,2023-08-18,5781,281,118.48
CAMP_031,2023-08-19,1357,115,59.69
CAMP_031,2023-08-20,1662,94,59.74
CAMP_031,2023-08-21,5692,44,178.34
CAMP_031,2023-08-22,5221,236,93.08
CAMP_031,2023-08-23,4794,211,168.78
CAMP_031,2023-08-24,7669,475,195.35
CAMP_031,2023-08-25,3999,193,134.09
CAMP_031,2023-08-26,6327,590,143.96
CAMP_031,2023-08-27,4426,364,97.9
CAMP_031,2023-08-28,1129,42,59.29
CAMP_031,2023-08-29,5394,242,93.61
CAMP_031,2023-08-30,4130,304,137.9
CAMP_031,2023-08-31,1533,25,158.24
CAMP_031,2023-09-01,5927,511,139.17
CAMP_031,2023-09-02,5262,304,142.12
CAMP_031,2023-09-03,2466,183,159.38
CAMP_031,2023-09-04,5253,391,159.66
CAMP_031,2023-09-05,5837,461,60.99
CAMP_031,2023-09-06,2627,130,156.81
CAMP_031,2023-09-07,5155,377,64.55
CAMP_031,2023-09-08,5488,380,100.46
CAMP_031,2023-09-09,3731,158,103.13
CAMP_031,2023-09-10,1754,124,165.35
CAMP_031,2023-09-11,1914,27,166.28
CAMP_031,2023-09-12,1988,199,176.07
CAMP_031,2023-09-13,7514,493,106.14
CAMP_031,2023-09-14,7389,497,143.17
CAMP_031,2023-09-15,3893,248,147.22
CAMP_031,2023-09-16,6546,483,158.41
CAMP_031,2023-09-17,5160,480,181.73
CAMP_031,2023-09-18,3728,291,202.98
CAMP_031,2023-09-19,6261,509,142.3
CAMP_031,2023-09-20,4490,244,152.39
CAMP_031,2023-09-21,1143,112,189.05
CAMP_031,2023-09-22,3234,218,78.48
CAMP_031,2023-09-23,1388,68,155.5
CAMP_031,2023-09-24,1952,109,178.04
CAMP_031,2023-09-25,2286,40,181.99
CAMP_031,2023-09-26,965,73,112.93
CAMP_031,2023-09-27,5951,475,133.83
CAMP_031,2023-09-28,3187,84,111.01
CAMP_031,2023-09-29,6547,576,170.97
CAMP_032,2023-01-02,6250,64,370.73
CAMP_032,2023-01-03,6731,83,1256.48
CAMP_032,2023-01-04,1584,18,1011.14
CAMP_032,2023-01-05,6538,73,780.87
CAMP_032,2023-01-06,5752,59,1186.16
CAMP_032,2023-01-07,3743,20,308.49
CAMP_032,2023-01-08,7608,64,325.28
CAMP_032,2023-01-09,4991,71,1361.98
CAMP_032,2023-01-10,6329,28,549.83
CAMP_032,2023-01-11,6684,80,1179.3
CAMP_032,2023-01-12,7508,96,459.91
CAMP_032,2023-01-13,2218,13,1139.08
CAMP_032,2023-01-14,4320,62,271.11
CAMP_032,2023-01-15,5911,76,1093.19
CAMP_032,2023-01-16,6640,95,650.07
CAMP_032,2023-01-17,7287,89,962.97
CAMP_032,2023-01-18,6964,74,119.35
CAMP_032,2023-01-19,6646,58,1040.22
CAMP_032,2023-01-20,6072,98,331.22
CAMP_032,2023-01-21,4200,53,1158.51
CAMP_032,2023-01-22,1128,14,1155.49
CAMP_033,2023-09-25,3350,187,282.63
CAMP_033,2023-09-26,2872,120,983.86
CAMP_033,2023-09-27,2595,89,169.03
CAMP_033,2023-09-28,4565,108,334.91
CAMP_033,2023-09-29,1555,60,503.59
CAMP_033,2023-09-30,1109,56,149.24
CAMP_033,2023-10-01,2307,147,639.41
CAMP_033,2023-10-02,5378,244,68.03
CAMP_033,2023-10-03,847,37,125.2
CAMP_033,2023-10-04,3801,126,880.37
CAMP_033,2023-10-05,5500,332,61.2
CAMP_033,2023-10-06,4085,228,733.76
CAMP_033,2023-10-07,5816,189,763.31
CAMP_033,2023-10-08,2227,115,322.13
CAMP_033,2023-10-09,969,55,147.76
CAMP_033,2023-10-10,856,43,987.83
CAMP_033,2023-10-11,5985,281,713.97
CAMP_033,2023-10-12,1908,74,120.45
CAMP_033,2023-10-13,4570,251,995.82
CAMP_033,2023-10-14,4206,162,295.86
CAMP_033,2023-10-15,7438,435,748.96
CAMP_033,2023-10-16,2449,123,998.71
CAMP_033,2023-10-17,6384,265,990.83
CAMP_033,2023-10-18,2259,6,115.81
CAMP_033,2023-10-19,6508,587,888.4
CAMP_033,2023-10-20,6420,292,108.52
CAMP_033,2023-10-21,1133,36,837.96
CAMP_033,2023-10-22,7557,271,231.61
CAMP_033,2023-10-23,3653,146,643.68
CAMP_033,2023-10-24,1353,76,319.58
CAMP_033,2023-10-25,4036,259,686.12
CAMP_033,2023-10-26,2247,112,711.12
CAMP_033,2023-10-27,5376,342,954.74
CAMP_034,2023-04-16,3187,246,190.63
CAMP_034,2023-04-17,1204,75,320.83
CAMP_034,2023-04-18,6482,345,692.54
CAMP_034,2023-04-19,7471,363,555.65
CAMP_034,2023-04-20,6208,329,58.34
CAMP_034,2023-04-21,1006,66,136.19
CAMP_034,2023-04-22,6921,545,930.89
CAMP_034,2023-04-23,2108,186,365.27
CAMP_034,2023-04-24,4497,131,959.03
CAMP_034,2023-04-25,5527,350,1174.1
CAMP_034,2023-04-26,1335,62,376.86
CAMP_034,2023-04-27,3100,232,215.31
CAMP_034,2023-04-28,2233,93,780.42
CAMP_034,2023-04-29,5082,396,730.09
CAMP_034,2023-04-30,4431,377,935.1
CAMP_034,2023-05-01,2021,27,928.0
CAMP_034,2023-05-02,2440,213,557.44
CAMP_034,2023-05-03,3279,189,98.69
CAMP_034,2023-05-04,2963,144,259.26
CAMP_034,2023-05-05,6975,387,808.54
CAMP_034,2023-05-06,7872,462,1175.06
CAMP_034,2023-05-07,6184,406,830.12
CAMP_034,2023-05-08,7720,572,929.08
CAMP_034,2023-05-09,4217,261,918.84
CAMP_034,2023-05-10,3465,196,840.99
CAMP_034,2023-05-11,3928,189,1063.08
CAMP_034,2023-05-12,4499,342,202.31
CAMP_034,2023-05-13,5490,283,266.41
CAMP_034,2023-05-14,7076,370,426.7
CAMP_034,2023-05-15,7448,418,498.73
CAMP_035,2023-09-29,2553,11,71.32
CAMP_035,2023-09-30,7591,123,285.73
CAMP_035,2023-10-01,1851,17,163.69
CAMP_035,2023-10-02,5980,57,234.45
CAMP_035,2023-10-03,5645,43,139.86
CAMP_035,2023-10-04,2838,25,270.7
CAMP_035,2023-10-05,5208,55,148.32
CAMP_035,2023-10-06,1270,7,360.19
CAMP_035,2023-10-07,2378,20,185.76
CAMP_035,2023-10-08,5287,38,107.52
CAMP_035,2023-10-09,6005,77,82.05
CAMP_035,2023-10-10,6024,84,521.02
CAMP_035,2023-10-11,4929,54,258.66
CAMP_035,2023-10-12,913,8,519.49
CAMP_035,2023-10-13,5197,47,104.44
CAMP_035,2023-10-14,4950,84,411.13
CAMP_035,2023-10-15,1617,21,318.53
CAMP_035,2023-10-16,5016,68,200.72
CAMP_035,2023-10-17,7684,61,261.08
CAMP_035,2023-10-18,5653,56,498.22
CAMP_035,2023-10-19,3370,33,304.17
CAMP_035,2023-10-20,7787,43,415.06
CAMP_035,2023-10-21,3626,38,370.39
CAMP_035,2023-10-22,5054,77,375.79
CAMP_035,2023-10-23,3378,40,477.17
CAMP_035,2023-10-24,6756,63,529.38
CAMP_035,2023-10-25,7050,89,198.82
CAMP_035,2023-10-26,1349,20,479.33
CAMP_035,2023-10-27,953,7,397.36
CAMP_035,2023-10-28,5113,50,159.9
CAMP_035,2023-10-29,7977,33,420.83
CAMP_035,2023-10-30,5836,46,519.99
CAMP_035,2023-10-31,5466,75,239.04
CAMP_035,2023-11-01,1143,15,65.66
CAMP_035,2023-11-02,5226,75,415.78
CAMP_035,2023-11-03,862,12,505.78
CAMP_035,2023-11-04,1311,17,325.14
CAMP_035,2023-11-05,4370,36,130.72
CAMP_035,2023-11-06,873,4,377.04
CAMP_035,2023-11-07,3352,37,419.28
CAMP_035,2023-11-08,6141,57,301.25
CAMP_035,2023-11-09,4238,64,491.3
CAMP_035,2023-11-10,945,3,512.43
CAMP_035,2023-11-11,3344,36,417.33
CAMP_035,2023-11-12,2743,26,439.35
CAMP_035,2023-11-13,7333,61,506.51
CAMP_035,2023-11-14,3434,20,126.7
CAMP_035,2023-11-15,967,12,455.03
CAMP_035,2023-11-16,4898,41,411.48
CAMP_035,2023-11-17,6101,59,484.14
CAMP_035,2023-11-18,5261,16,184.55
CAMP_035,2023-11-19,2347,31,455.67
CAMP_035,2023-11-20,5334,56,264.78
CAMP_035,2023-11-21,4707,53,473.44
CAMP_036,2023-01-11,7331,296,203.88
CAMP_036,2023-01-12,2457,125,631.39
CAMP_036,2023-01-13,4982,235,572.23
CAMP_036,2023-01-14,5416,445,566.12
CAMP_036,2023-01-15,4724,355,815.77
CAMP_036,2023-01-16,3491,250,794.71
CAMP_036,2023-01-17,824,40,672.03
CAMP_036,2023-01-18,2418,120,438.51
CAMP_036,2023-01-19,1718,73,87.52
CAMP_036,2023-01-20,6469,306,503.43
CAMP_036,2023-01-21,1156,67,656.09
CAMP_036,2023-01-22,6661,300,652.49
CAMP_036,2023-01-23,6416,318,680.99
CAMP_036,2023-01-24,3263,239,85.21
CAMP_036,2023-01-25,5506,225,740.63
CAMP_036,2023-01-26,7903,298,265.21
CAMP_036,2023-01-27,7996,150,733.21
CAMP_036,2023-01-28,2097,131,796.45
CAMP_036,2023-01-29,3686,272,233.56
CAMP_036,2023-01-30,3582,262,377.96
CAMP_037,2023-01-30,5172,222,167.28
CAMP_037,2023-01-31,7756,256,173.77
CAMP_037,2023-02-01,2826,178,242.32
CAMP_037,2023-02-02,7229,275,259.02
CAMP_037,2023-02-03,3127,132,58.38
CAMP_037,2023-02-04,4452,113,248.51
CAMP_037,2023-02-05,4068,129,200.52
CAMP_037,2023-02-06,3528,145,309.69
CAMP_037,2023-02-07,7884,242,425.88
CAMP_037,2023-02-08,7124,143,344.6
CAMP_037,2023-02-09,3083,77,285.67
CAMP_037,2023-02-10,1145,32,347.62
CAMP_037,2023-02-11,5685,229,215.19
CAMP_037,2023-02-12,3412,168,222.71
CAMP_037,2023-02-13,3191,135,344.28
CAMP_037,2023-02-14,5575,261,231.16
CAMP_037,2023-02-15,2682,120,314.34
CAMP_037,2023-02-16,1792,66,57.56
CAMP_037,2023-02-17,7881,270,149.45
CAMP_037,2023-02-18,7174,315,73.12
CAMP_037,2023-02-19,4056,161,213.49
CAMP_037,2023-02-20,7030,224,245.15
CAMP_037,2023-02-21,3886,191,234.04
CAMP_037,2023-02-22,3858,246,100.68
CAMP_037,2023-02-23,4809,143,241.07
CAMP_037,2023-02-24,2065,94,331.27
CAMP_037,2023-02-25,804,31,295.32
CAMP_037,2023-02-26,7168,223,383.82
CAMP_037,2023-02-27,7517,187,212.95
CAMP_037,2023-02-28,2262,119,290.24
CAMP_037,2023-03-01,1716,70,416.92
CAMP_037,2023-03-02,2453,47,307.56
CAMP_037,2023-03-03,5203,401,357.54
CAMP_037,2023-03-04,5483,140,170.28
CAMP_037,2023-03-05,3325,142,436.6
CAMP_037,2023-03-06,5515,146,70.84
CAMP_037,2023-03-07,900,43,413.22
CAMP_037,2023-03-08,6287,273,177.81
CAMP_037,2023-03-09,6790,257,417.24
CAMP_037,2023-03-10,2456,117,383.31
CAMP_038,2023-10-22,6490,206,192.31
CAMP_038,2023-10-23,7176,223,187.19
CAMP_038,2023-10-24,5715,166,128.08
CAMP_038,2023-10-25,4275,134,161.52
CAMP_038,2023-10-26,7940,279,363.09
CAMP_038,2023-10-27,1404,77,317.6
CAMP_038,2023-10-28,1697,53,254.46
CAMP_038,2023-10-29,4306,123,331.62
CAMP_038,2023-10-30,2077,86,244.57
CAMP_038,2023-10-31,3894,144,285.74
CAMP_038,2023-11-01,3001,96,356.86
CAMP_038,2023-11-02,7961,242,327.23
CAMP_038,2023-11-03,6655,229,83.26
CAMP_038,2023-11-04,7185,191,284.55
CAMP_038,2023-11-05,5277,121,78.66
CAMP_038,2023-11-06,6487,172,141.31
CAMP_038,2023-11-07,7234,175,350.66
CAMP_038,2023-11-08,6446,134,293.66
CAMP_038,2023-11-09,5860,198,315.58
CAMP_038,2023-11-10,4866,100,233.52
CAMP_038,2023-11-11,5285,113,182.85
CAMP_038,2023-11-12,7133,172,290.86
CAMP_038,2023-11-13,2431,113,217.85
CAMP_038,2023-11-14,5047,156,244.34
CAMP_038,2023-11-15,5061,106,210.61
CAMP_038,2023-11-16,3169,89,238.37
CAMP_038,2023-11-17,7320,176,56.06
CAMP_038,2023-11-18,4633,148,326.83
CAMP_038,2023-11-19,1218,28,373.83
CAMP_038,2023-11-20,3801,115,292.49
CAMP_038,2023-11-21,1173,46,174.39
CAMP_038,2023-11-22,2229,104,193.97
CAMP_039,2023-03-30,5955,251,229.84
CAMP_039,2023-03-31,3523,207,634.68
CAMP_039,2023-04-01,4856,91,568.79
CAMP_039,2023-04-02,5859,301,432.39
CAMP_039,2023-04-03,2477,81,178.91
CAMP_039,2023-04-04,2085,96,128.38
CAMP_039,2023-04-05,2727,137,768.0
CAMP_039,2023-04-06,3601,109,503.11
CAMP_039,2023-04-07,5527,260,163.17
CAMP_039,2023-04-08,7841,301,600.61
CAMP_039,2023-04-09,1386,23,511.15
CAMP_039,2023-04-10,1895,65,454.79
CAMP_039,2023-04-11,3210,99,770.88
CAMP_039,2023-04-12,6006,113,158.85
CAMP_039,2023-04-13,5056,175,264.69
CAMP_039,2023-04-14,5530,195,254.4
CAMP_039,2023-04-15,1575,54,337.13
CAMP_039,2023-04-16,7478,381,239.85
CAMP_039,2023-04-17,4975,267,553.73
CAMP_039,2023-04-18,2082,78,385.89
CAMP_039,2023-04-19,7513,340,275.34
CAMP_039,2023-04-20,3121,132,56.55
CAMP_039,2023-04-21,4631,272,743.78
CAMP_039,2023-04-22,1674,67,260.46
CAMP_039,2023-04-23,3230,129,159.71
CAMP_039,2023-04-24,3602,130,65.87
CAMP_039,2023-04-25,7677,417,63.12
CAMP_039,2023-04-26,7542,202,177.79
CAMP_039,2023-04-27,1110,35,629.48
CAMP_039,2023-04-28,7253,204,544.51
CAMP_040,2023-08-17,5452,227,69.43
CAMP_040,2023-08-18,2421,113,523.1
CAMP_040,2023-08-19,3182,111,465.09
CAMP_040,2023-08-20,2351,60,98.99
CAMP_040,2023-08-21,7870,270,232.02
CAMP_040,2023-08-22,3040,56,125.5
CAMP_040,2023-08-23,5897,217,458.35
CAMP_040,2023-08-24,4951,248,336.75
CAMP_040,2023-08-25,7479,260,148.17
CAMP_040,2023-08-26,2182,72,442.42
CAMP_040,2023-08-27,5627,103,325.81
CAMP_040,2023-08-28,2931,120,110.42
CAMP_040,2023-08-29,5100,178,169.52
CAMP_040,2023-08-30,3699,118,385.4
CAMP_040,2023-08-31,2192,49,381.32
CAMP_040,2023-09-01,3883,126,269.23
CAMP_040,2023-09-02,3180,51,458.71
CAMP_040,2023-09-03,4004,164,362.05
CAMP_040,2023-09-04,6108,193,461.32
CAMP_040,2023-09-05,7168,201,436.72
CAMP_040,2023-09-06,7289,201,416.85
CAMP_040,2023-09-07,3802,125,252.12
CAMP_040,2023-09-08,1517,17,75.88
CAMP_040,2023-09-09,4225,143,462.23
CAMP_040,2023-09-10,2085,31,385.84
CAMP_040,2023-09-11,3369,104,148.36
CAMP_040,2023-09-12,3046,96,68.0
CAMP_040,2023-09-13,6828,149,284.2
CAMP_040,2023-09-14,5046,146,513.61
CAMP_040,2023-09-15,4391,95,56.27
CAMP_040,2023-09-16,4983,188,541.56
CAMP_040,2023-09-17,4181,114,510.06
CAMP_040,2023-09-18,6001,109,469.03
CAMP_040,2023-09-19,6759,153,558.86
CAMP_040,2023-09-20,7625,212,300.76
CAMP_040,2023-09-21,3814,115,229.89
CAMP_040,2023-09-22,2044,62,418.95
CAMP_040,2023-09-23,4440,170,114.09
CAMP_040,2023-09-24,5757,277,79.0
CAMP_040,2023-09-25,7353,223,586.09
CAMP_040,2023-09-26,4495,106,130.82
CAMP_040,2023-09-27,6616,297,453.41
CAMP_040,2023-09-28,3850,174,442.15
CAMP_040,2023-09-29,1377,31,180.75
CAMP_040,2023-09-30,2790,141,178.8
CAMP_040,2023-10-01,5465,150,603.24
CAMP_040,2023-10-02,7346,277,525.65
CAMP_040,2023-10-03,7926,97,258.15
CAMP_040,2023-10-04,3746,101,302.23
CAMP_040,2023-10-05,2557,103,227.55
CAMP_040,2023-10-06,5505,93,284.35
CAMP_040,2023-10-07,2938,69,246.94
CAMP_040,2023-10-08,7622,294,507.18
CAMP_040,2023-10-09,2593,81,353.69
CAMP_040,2023-10-10,5945,175,280.44
CAMP_040,2023-10-11,5080,133,332.63
CAMP_040,2023-10-12,7731,220,104.94
CAMP_040,2023-10-13,6179,279,316.82
CAMP_041,2023-04-02,3650,34,73.18
CAMP_041,2023-04-03,7962,88,140.92
CAMP_041,2023-04-04,6166,75,179.89
CAMP_041,2023-04-05,4734,64,150.65
CAMP_041,2023-04-06,6573,48,283.59
CAMP_041,2023-04-07,6684,66,63.17
CAMP_041,2023-04-08,4161,22,65.43
CAMP_041,2023-04-09,1799,22,137.4
CAMP_041,2023-04-10,2648,11,238.87
CAMP_041,2023-04-11,5047,19,378.86
CAMP_041,2023-04-12,4320,38,248.72
CAMP_041,2023-04-13,3563,36,443.04
CAMP_041,2023-04-14,7984,69,385.25
CAMP_041,2023-04-15,2905,30,262.79
CAMP_041,2023-04-16,4045,43,453.67
CAMP_041,2023-04-17,7750,38,70.89
CAMP_041,2023-04-18,6896,96,433.23
CAMP_041,2023-04-19,4781,55,63.01
CAMP_041,2023-04-20,1904,22,279.37
CAMP_041,2023-04-21,3511,45,299.01
CAMP_041,2023-04-22,7217,104,386.25
CAMP_041,2023-04-23,5458,31,438.9
CAMP_041,2023-04-24,1249,11,144.0
CAMP_041,2023-04-25,4032,36,143.62
CAMP_041,2023-04-26,5460,39,162.63
CAMP_041,2023-04-27,2015,28,75.65
CAMP_041,2023-04-28,3247,58,373.11
CAMP_041,2023-04-29,1637,19,100.64
CAMP_041,2023-04-30,4521,41,210.45
CAMP_041,2023-05-01,2885,29,308.73
CAMP_041,2023-05-02,1801,22,167.19
CAMP_041,2023-05-03,1497,15,234.57
CAMP_041,2023-05-04,4988,17,323.33
CAMP_041,2023-05-05,1772,20,100.46
CAMP_041,2023-05-06,6948,66,157.49
CAMP_041,2023-05-07,6290,84,354.07
CAMP_041,2023-05-08,4009,53,272.07
CAMP_042,2023-10-21,2759,131,95.38
CAMP_042,2023-10-22,1414,131,223.24
CAMP_042,2023-10-23,4534,173,282.96
CAMP_042,2023-10-24,1434,77,89.24
CAMP_042,2023-10-25,1275,32,150.14
CAMP_042,2023-10-26,7633,109,127.98
CAMP_042,2023-10-27,3528,216,263.7
CAMP_042,2023-10-28,5122,451,284.18
CAMP_042,2023-10-29,5405,171,267.92
CAMP_042,2023-10-30,867,49,169.19
CAMP_042,2023-10-31,4157,313,68.07
CAMP_042,2023-11-01,1127,35,350.08
CAMP_042,2023-11-02,4654,172,281.56
CAMP_042,2023-11-03,3635,284,154.45
CAMP_042,2023-11-04,5663,285,335.49
CAMP_042,2023-11-05,1712,86,106.43
CAMP_042,2023-11-06,6203,257,257.04
CAMP_042,2023-11-07,5164,304,196.9
CAMP_042,2023-11-08,3664,223,231.72
CAMP_042,2023-11-09,1313,64,88.58
CAMP_042,2023-11-10,7330,640,271.01
CAMP_042,2023-11-11,2293,132,305.72
CAMP_042,2023-11-12,4472,205,292.0
CAMP_042,2023-11-13,6406,501,322.98
CAMP_042,2023-11-14,6682,411,181.48
CAMP_042,2023-11-15,5392,365,95.24
CAMP_042,2023-11-16,5005,267,137.58
CAMP_042,2023-11-17,1664,106,145.93
CAMP_042,2023-11-18,6633,489,201.39
CAMP_042,2023-11-19,5523,148,324.2
CAMP_042,2023-11-20,4765,275,184.98
CAMP_042,2023-11-21,1307,62,236.97
CAMP_042,2023-11-22,4820,120,311.91
CAMP_042,2023-11-23,6775,612,403.27
CAMP_042,2023-11-24,4178,238,118.17
CAMP_042,2023-11-25,6833,588,381.27
CAMP_042,2023-11-26,2446,124,271.23
CAMP_042,2023-11-27,1991,146,229.56
CAMP_042,2023-11-28,5680,311,318.49
CAMP_042,2023-11-29,7255,375,118.91
CAMP_042,2023-11-30,3005,81,293.17
CAMP_042,2023-12-01,6709,464,359.23
CAMP_042,2023-12-02,1409,95,128.37
CAMP_042,2023-12-03,5989,299,343.38
CAMP_042,2023-12-04,5847,349,254.43
CAMP_042,2023-12-05,1740,137,261.73
CAMP_042,2023-12-06,7904,470,135.02
CAMP_042,2023-12-07,4068,312,103.33
CAMP_042,2023-12-08,7217,145,311.18
CAMP_042,2023-12-09,2175,127,403.25
CAMP_042,2023-12-10,6728,400,182.23
CAMP_042,2023-12-11,3364,181,402.02
CAMP_042,2023-12-12,3021,192,153.67
CAMP_042,2023-12-13,2243,110,274.62
CAMP_042,2023-12-14,5057,319,149.46
CAMP_042,2023-12-15,3900,259,361.54
CAMP_042,2023-12-16,6710,494,266.93
CAMP_042,2023-12-17,4065,362,209.39
CAMP_043,2023-09-01,2968,140,65.3
CAMP_043,2023-09-02,1036,89,80.9
CAMP_043,2023-09-03,6880,200,113.64
CAMP_043,2023-09-04,3396,146,139.94
CAMP_043,2023-09-05,5044,361,167.86
CAMP_043,2023-09-06,3863,384,196.51
CAMP_043,2023-09-07,2872,148,123.17
CAMP_043,2023-09-08,1668,89,107.75
CAMP_043,2023-09-09,2567,173,65.74
CAMP_043,2023-09-10,2210,150,92.1
CAMP_043,2023-09-11,5882,327,144.99
CAMP_043,2023-09-12,5434,299,127.45
CAMP_043,2023-09-13,7106,272,92.32
CAMP_043,2023-09-14,3340,237,135.35
CAMP_043,2023-09-15,6573,426,198.35
CAMP_043,2023-09-16,3622,135,145.55
CAMP_043,2023-09-17,3827,217,130.19
CAMP_043,2023-09-18,2624,209,152.74
CAMP_043,2023-09-19,5588,478,119.58
CAMP_043,2023-09-20,6173,537,186.28
CAMP_043,2023-09-21,2970,209,63.53
CAMP_043,2023-09-22,4615,357,86.37
CAMP_043,2023-09-23,1081,65,127.99
CAMP_043,2023-09-24,3718,169,142.53
CAMP_043,2023-09-25,2584,199,119.66
CAMP_043,2023-09-26,3241,106,79.6
CAMP_043,2023-09-27,1080,64,145.04
CAMP_043,2023-09-28,2379,148,191.22
CAMP_043,2023-09-29,7622,496,51.49
CAMP_043,2023-09-30,4331,213,106.63
CAMP_043,2023-10-01,1218,71,135.79
CAMP_043,2023-10-02,5862,513,72.7
CAMP_043,2023-10-03,1362,115,209.99
CAMP_043,2023-10-04,3940,294,73.27
CAMP_043,2023-10-05,6370,339,128.46
CAMP_043,2023-10-06,6783,513,53.32
CAMP_043,2023-10-07,884,61,128.89
CAMP_043,2023-10-08,6430,526,68.7
CAMP_043,2023-10-09,1140,38,180.15
CAMP_043,2023-10-10,4492,192,135.57
CAMP_043,2023-10-11,5024,343,179.46
CAMP_043,2023-10-12,4158,220,96.39
CAMP_043,2023-10-13,6829,250,207.73
CAMP_043,2023-10-14,5987,440,203.38
CAMP_043,2023-10-15,4416,294,150.19
CAMP_043,2023-10-16,1761,42,119.12
CAMP_043,2023-10-17,907,70,163.15
CAMP_043,2023-10-18,3965,283,157.92
CAMP_043,2023-10-19,6892,388,137.11
CAMP_043,2023-10-20,4407,262,151.7
CAMP_043,2023-10-21,2332,193,125.11
CAMP_043,2023-10-22,3909,197,93.03
CAMP_043,2023-10-23,2541,154,51.03
CAMP_043,2023-10-24,3788,286,88.3
CAMP_043,2023-10-25,6879,472,180.03
CAMP_043,2023-10-26,7032,536,120.06
CAMP_044,2023-08-24,5279,298,93.71
CAMP_044,2023-08-25,831,27,87.22
CAMP_044,2023-08-26,7869,383,100.19
CAMP_044,2023-08-27,7382,321,59.32
CAMP_044,2023-08-28,5122,253,109.77
CAMP_044,2023-08-29,2594,132,111.67
CAMP_044,2023-08-30,6041,150,105.38
CAMP_044,2023-08-31,6206,160,108.97
CAMP_044,2023-09-01,7007,390,70.19
CAMP_044,2023-09-02,2188,91,112.12
CAMP_044,2023-09-03,2261,94,76.66
CAMP_044,2023-09-04,7855,309,61.62
CAMP_044,2023-09-05,6272,308,101.23
CAMP_044,2023-09-06,2206,96,97.23
CAMP_044,2023-09-07,5267,189,124.88
CAMP_044,2023-09-08,4237,295,111.42
CAMP_044,2023-09-09,6772,240,127.57
CAMP_044,2023-09-10,7429,396,70.74
CAMP_044,2023-09-11,5059,221,119.51
CAMP_044,2023-09-12,5592,239,62.12
CAMP_044,2023-09-13,3977,223,91.13
CAMP_044,2023-09-14,6916,240,124.34
CAMP_044,2023-09-15,1160,57,66.22
CAMP_044,2023-09-16,7101,411,101.32
CAMP_044,2023-09-17,5839,227,119.66
CAMP_044,2023-09-18,5762,152,125.67
CAMP_044,2023-09-19,5199,184,108.55
CAMP_044,2023-09-20,6278,272,115.93
CAMP_044,2023-09-21,1954,72,67.43
CAMP_044,2023-09-22,3052,146,120.27
CAMP_044,2023-09-23,809,18,89.93
CAMP_044,2023-09-24,3786,81,74.87
CAMP_044,2023-09-25,2192,63,109.08
CAMP_044,2023-09-26,6599,293,79.56
CAMP_044,2023-09-27,2675,112,74.82
CAMP_044,2023-09-28,2795,105,119.75
CAMP_044,2023-09-29,2503,69,54.66
CAMP_044,2023-09-30,3109,98,107.26
CAMP_044,2023-10-01,3508,152,54.65
CAMP_044,2023-10-02,3520,161,113.1
CAMP_044,2023-10-03,4958,200,104.08
CAMP_044,2023-10-04,4798,223,106.53
CAMP_044,2023-10-05,3771,86,74.24
CAMP_044,2023-10-06,3134,152,67.17
CAMP_044,2023-10-07,5673,149,78.88
CAMP_044,2023-10-08,7716,325,120.1
CAMP_044,2023-10-09,6023,97,94.11
CAMP_045,2023-02-06,6998,329,1012.91
CAMP_045,2023-02-07,4591,118,492.85
CAMP_045,2023-02-08,4738,265,828.86
CAMP_045,2023-02-09,2028,70,711.26
CAMP_045,2023-02-10,6222,332,791.04
CAMP_045,2023-02-11,6757,380,193.43
CAMP_045,2023-02-12,3465,58,737.04
CAMP_045,2023-02-13,2154,105,108.11
CAMP_045,2023-02-14,984,26,871.0
CAMP_045,2023-02-15,5605,208,659.76
CAMP_045,2023-02-16,3918,83,309.78
CAMP_045,2023-02-17,2315,128,638.53
CAMP_045,2023-02-18,4613,296,615.78
CAMP_045,2023-02-19,5805,284,838.57
CAMP_045,2023-02-20,6255,235,680.95
CAMP_045,2023-02-21,2223,89,997.24
CAMP_045,2023-02-22,963,34,199.04
CAMP_045,2023-02-23,7864,177,443.41
CAMP_045,2023-02-24,6747,219,200.67
CAMP_045,2023-02-25,6185,319,724.38
CAMP_045,2023-02-26,5562,200,217.68
CAMP_045,2023-02-27,3053,109,907.25
CAMP_045,2023-02-28,6340,148,265.77
CAMP_045,2023-03-01,893,39,649.11
CAMP_045,2023-03-02,2031,95,664.38
CAMP_045,2023-03-03,4777,33,301.12
CAMP_045,2023-03-04,7311,317,391.55
CAMP_045,2023-03-05,6598,262,350.27
CAMP_045,2023-03-06,1847,75,898.13
CAMP_045,2023-03-07,6536,220,421.28
CAMP_045,2023-03-08,7091,245,62.59
CAMP_045,2023-03-09,1580,49,907.18
CAMP_045,2023-03-10,4170,124,820.7
CAMP_045,2023-03-11,3432,139,75.42
CAMP_045,2023-03-12,3421,84,661.99
CAMP_046,2023-05-21,2594,79,107.96
CAMP_046,2023-05-22,3263,176,60.51
CAMP_046,2023-05-23,6060,244,86.27
CAMP_046,2023-05-24,6515,228,86.51
CAMP_046,2023-05-25,2185,133,79.98
CAMP_046,2023-05-26,3148,127,74.88
CAMP_046,2023-05-27,2903,84,71.83
CAMP_046,2023-05-28,4887,186,94.32
CAMP_046,2023-05-29,2375,104,54.45
CAMP_046,2023-05-30,4474,175,83.25
CAMP_046,2023-05-31,914,38,87.33
CAMP_046,2023-06-01,7345,223,56.29
CAMP_046,2023-06-02,3255,165,74.73
CAMP_046,2023-06-03,2797,51,63.58
CAMP_046,2023-06-04,1237,41,111.02
CAMP_046,2023-06-05,4680,137,57.36
CAMP_046,2023-06-06,1606,74,54.66
CAMP_046,2023-06-07,4935,276,94.38
CAMP_046,2023-06-08,2393,127,75.75
CAMP_046,2023-06-09,6693,253,72.26
CAMP_046,2023-06-10,6280,367,92.1
CAMP_046,2023-06-11,1370,53,72.13
CAMP_046,2023-06-12,3212,116,69.09
CAMP_046,2023-06-13,5463,233,64.93
CAMP_046,2023-06-14,4099,202,97.38
CAMP_046,2023-06-15,7641,243,52.28
CAMP_046,2023-06-16,7846,375,93.61
CAMP_046,2023-06-17,5979,198,61.43
CAMP_046,2023-06-18,1458,45,72.32
CAMP_046,2023-06-19,3858,154,82.16
CAMP_046,2023-06-20,4080,70,83.02
CAMP_046,2023-06-21,7883,173,92.62
CAMP_046,2023-06-22,3092,64,61.78
CAMP_046,2023-06-23,6726,119,52.71
CAMP_046,2023-06-24,4029,222,108.11
CAMP_046,2023-06-25,6357,315,68.59
CAMP_046,2023-06-26,7780,361,52.47
CAMP_046,2023-06-27,2961,117,78.79
CAMP_046,2023-06-28,6084,269,98.13
CAMP_046,2023-06-29,5975,275,77.14
CAMP_046,2023-06-30,3331,100,65.68
CAMP_046,2023-07-01,7648,326,96.59
CAMP_046,2023-07-02,5482,71,56.5
CAMP_046,2023-07-03,5220,286,50.5
CAMP_046,2023-07-04,5165,211,110.99
CAMP_046,2023-07-05,5614,201,65.56
CAMP_046,2023-07-06,4806,151,51.15
CAMP_046,2023-07-07,1463,14,86.08
CAMP_046,2023-07-08,7697,261,98.98
CAMP_046,2023-07-09,4886,230,90.27
CAMP_046,2023-07-10,3349,146,79.24
CAMP_046,2023-07-11,2541,56,108.23
CAMP_046,2023-07-12,4009,182,101.82
CAMP_046,2023-07-13,6123,347,55.06
CAMP_047,2023-05-14,4486,280,360.42
CAMP_047,2023-05-15,6297,438,496.93
CAMP_047,2023-05-16,6979,424,185.01
CAMP_047,2023-05-17,1803,116,75.68
CAMP_047,2023-05-18,7518,239,392.32
CAMP_047,2023-05-19,5543,219,111.6
CAMP_047,2023-05-20,2817,58,445.23
CAMP_047,2023-05-21,4007,251,386.56
CAMP_047,2023-05-22,4401,239,394.7
CAMP_047,2023-05-23,2769,149,80.61
CAMP_047,2023-05-24,3765,157,168.94
CAMP_047,2023-05-25,7822,440,60.1
CAMP_047,2023-05-26,1778,64,156.03
CAMP_047,2023-05-27,1971,84,180.8
CAMP_047,2023-05-28,6740,172,426.36
CAMP_047,2023-05-29,3571,168,215.26
CAMP_047,2023-05-30,7449,251,179.4
CAMP_047,2023-05-31,2080,114,290.66
CAMP_047,2023-06-01,1618,110,228.21
CAMP_047,2023-06-02,2257,63,119.71
CAMP_047,2023-06-03,946,36,491.67
CAMP_047,2023-06-04,3461,183,59.3
CAMP_047,2023-06-05,4005,165,298.6
CAMP_047,2023-06-06,3824,209,448.9
CAMP_048,2023-01-19,4035,206,274.45
CAMP_048,2023-01-20,4389,143,186.04
CAMP_048,2023-01-21,926,54,106.17
CAMP_048,2023-01-22,2016,61,510.74
CAMP_048,2023-01-23,6750,612,653.22
CAMP_048,2023-01-24,7953,442,430.74
CAMP_048,2023-01-25,2159,108,265.33
CAMP_048,2023-01-26,6700,298,58.72
CAMP_048,2023-01-27,7672,421,191.77
CAMP_048,2023-01-28,3684,224,201.33
CAMP_048,2023-01-29,4914,274,691.86
CAMP_048,2023-01-30,1933,31,408.19
CAMP_048,2023-01-31,5141,169,748.25
CAMP_048,2023-02-01,7844,394,757.67
CAMP_048,2023-02-02,1636,77,646.47
CAMP_048,2023-02-03,5059,260,919.28
CAMP_048,2023-02-04,6201,195,953.08
CAMP_049,2023-05-30,3752,86,567.97
CAMP_049,2023-05-31,2585,147,987.17
CAMP_049,2023-06-01,3125,197,378.56
CAMP_049,2023-06-02,6282,130,119.26
CAMP_049,2023-06-03,2834,182,573.36
CAMP_049,2023-06-04,3233,196,288.37
CAMP_049,2023-06-05,7952,391,333.21
CAMP_049,2023-06-06,4875,270,202.12
CAMP_049,2023-06-07,3540,131,702.8
CAMP_049,2023-06-08,4092,199,660.91
CAMP_049,2023-06-09,4639,204,936.94
CAMP_049,2023-06-10,2298,40,637.87
CAMP_049,2023-06-11,4702,139,725.62
CAMP_049,2023-06-12,2694,127,714.99
CAMP_049,2023-06-13,4318,239,911.55
CAMP_049,2023-06-14,2465,149,315.66
CAMP_049,2023-06-15,2106,95,445.74
CAMP_049,2023-06-16,1136,55,668.73
CAMP_049,2023-06-17,1703,39,313.16
CAMP_049,2023-06-18,3142,115,159.38
CAMP_049,2023-06-19,5855,82,645.9
CAMP_049,2023-06-20,5818,450,170.07
CAMP_049,2023-06-21,6143,120,503.32
CAMP_049,2023-06-22,1959,83,981.24
CAMP_050,2023-04-07,1698,80,945.77
CAMP_050,2023-04-08,7051,386,283.58
CAMP_050,2023-04-09,2295,53,1140.44
CAMP_050,2023-04-10,4363,145,295.05
CAMP_050,2023-04-11,4731,175,656.87
CAMP_050,2023-04-12,6828,292,747.27
CAMP_050,2023-04-13,4856,141,632.34
CAMP_050,2023-04-14,2883,101,737.61
CAMP_050,2023-04-15,3763,157,405.64
CAMP_050,2023-04-16,4183,82,708.81
CAMP_050,2023-04-17,2888,177,1138.45
CAMP_050,2023-04-18,5076,270,498.79
CAMP_050,2023-04-19,6738,132,242.37
CAMP_050,2023-04-20,3621,128,997.66
CAMP_050,2023-04-21,1811,60,146.41
CAMP_050,2023-04-22,4200,253,548.22
CAMP_050,2023-04-23,1147,54,498.23
CAMP_050,2023-04-24,1063,38,253.78
CAMP_050,2023-04-25,6329,258,264.59
CAMP_050,2023-04-26,4734,177,978.91
CAMP_050,2023-04-27,3754,149,1097.04
